AHCh,(AHCh: 0.0)
AHh,(AHh: 0.0)
Avg<2.5,(Avg<2.5: -1.0)
Avg>2.5,(Avg>2.5: -1.0)
AvgA,(AvgA: -1.0)
AvgAHA,(AvgAHA: -1.0)
AvgAHH,(AvgAHH: -1.0)
AvgC<2.5,(AvgC<2.5: -1.0)
AvgC>2.5,(AvgC>2.5: -1.0)
AvgCA,(AvgCA: -1.0)
AvgCAHA,(AvgCAHA: -1.0)
AvgCAHH,(AvgCAHH: -1.0)
AvgCD,(AvgCD: -1.0)
AvgCH,(AvgCH: -1.0)
AvgD,(AvgD: -1.0)
AvgH,(AvgH: -1.0)
AwayBlockedShots,(AwayBlockedShots: -1.449780562268188e-08)
AwayCorners,(AwayCorners: 2.2654858184978366e-06)
AwayExpectedGoals,(AwayExpectedGoals: -7.31779703500024e-09)
AwayFormation,(AwayFormation: nan)
AwayFouls,(AwayFouls: 12.318536758422852)
AwayOffsides,(AwayOffsides: 1.874245047569275)
AwayPassAccuracy,(AwayPassAccuracy: 77.098876953125)
AwayPassesAccurate,(AwayPassesAccurate: -9.5218361195748e-08)
AwayPossession,(AwayPossession: 48.99742889404297)
AwayRedCards,(AwayRedCards: 0.0)
AwaySaves,(AwaySaves: 3.2139594554901123)
AwayShots,(AwayShots: 1.7996295355260372e-05)
AwayShotsInsideBox,(AwayShotsInsideBox: -2.913893837330761e-08)
AwayShotsOffTarget,(AwayShotsOffTarget: 2.7366445465304423e-06)
AwayShotsOutsideBox,(AwayShotsOutsideBox: -1.1986545978004415e-08)
AwayShotsTarget,(AwayShotsTarget: 2.0862933524767868e-05)
AwayTeam,(AwayTeam: Zulte Waregem)
AwayTeamELO,(AwayTeamELO: 0.0)
AwayTeamID,(AwayTeamID: 600)
AwayTeamWinner,(AwayTeamWinner: <NA>)
AwayTotalPasses,(AwayTotalPasses: 3.316191055091622e-08)
AwayYellowCards,(AwayYellowCards: 0.1818181872367859)
Away_AvgBlockedShotsAgainst_Away_Last10,(Away_AvgBlockedShotsAgainst_Away_Last10: -1.410657750966493e-05)
Away_AvgBlockedShotsAgainst_Away_Last15,(Away_AvgBlockedShotsAgainst_Away_Last15: -5.103724561195122e-06)
Away_AvgBlockedShotsAgainst_Away_Last3,(Away_AvgBlockedShotsAgainst_Away_Last3: -3.479207225609571e-05)
Away_AvgBlockedShotsAgainst_Away_Last5,(Away_AvgBlockedShotsAgainst_Away_Last5: 2.1310270312824287e-06)
Away_AvgBlockedShotsAgainst_Home_Last10,(Away_AvgBlockedShotsAgainst_Home_Last10: -1.1202600944670849e-05)
Away_AvgBlockedShotsAgainst_Home_Last15,(Away_AvgBlockedShotsAgainst_Home_Last15: 1.2924971997563262e-05)
Away_AvgBlockedShotsAgainst_Home_Last3,(Away_AvgBlockedShotsAgainst_Home_Last3: -6.018014391884208e-05)
Away_AvgBlockedShotsAgainst_Home_Last5,(Away_AvgBlockedShotsAgainst_Home_Last5: -2.7894513550563715e-05)
Away_AvgBlockedShotsAgainst_Total_Last10,(Away_AvgBlockedShotsAgainst_Total_Last10: 4.322840595705202e-06)
Away_AvgBlockedShotsAgainst_Total_Last15,(Away_AvgBlockedShotsAgainst_Total_Last15: -2.1248193661449477e-05)
Away_AvgBlockedShotsAgainst_Total_Last3,(Away_AvgBlockedShotsAgainst_Total_Last3: -3.167501745338086e-06)
Away_AvgBlockedShotsAgainst_Total_Last5,(Away_AvgBlockedShotsAgainst_Total_Last5: -4.313570389058441e-05)
Away_AvgBlockedShotsFor_Away_Last10,(Away_AvgBlockedShotsFor_Away_Last10: 3.1740801205160096e-05)
Away_AvgBlockedShotsFor_Away_Last15,(Away_AvgBlockedShotsFor_Away_Last15: 1.7946280422620475e-05)
Away_AvgBlockedShotsFor_Away_Last3,(Away_AvgBlockedShotsFor_Away_Last3: -2.4190467229345813e-06)
Away_AvgBlockedShotsFor_Away_Last5,(Away_AvgBlockedShotsFor_Away_Last5: 6.889899395901011e-06)
Away_AvgBlockedShotsFor_Home_Last10,(Away_AvgBlockedShotsFor_Home_Last10: 3.943742558476515e-05)
Away_AvgBlockedShotsFor_Home_Last15,(Away_AvgBlockedShotsFor_Home_Last15: -1.1904051461897325e-05)
Away_AvgBlockedShotsFor_Home_Last3,(Away_AvgBlockedShotsFor_Home_Last3: 4.6808439947199076e-05)
Away_AvgBlockedShotsFor_Home_Last5,(Away_AvgBlockedShotsFor_Home_Last5: -5.920133389736293e-06)
Away_AvgBlockedShotsFor_Total_Last10,(Away_AvgBlockedShotsFor_Total_Last10: -2.427926847303752e-05)
Away_AvgBlockedShotsFor_Total_Last15,(Away_AvgBlockedShotsFor_Total_Last15: 2.7654270525090396e-05)
Away_AvgBlockedShotsFor_Total_Last3,(Away_AvgBlockedShotsFor_Total_Last3: -7.282027354449383e-07)
Away_AvgBlockedShotsFor_Total_Last5,(Away_AvgBlockedShotsFor_Total_Last5: -2.3743015731270134e-07)
Away_AvgCornersAgainst_Away_Last10,(Away_AvgCornersAgainst_Away_Last10: -4.8115933168446645e-05)
Away_AvgCornersAgainst_Away_Last15,(Away_AvgCornersAgainst_Away_Last15: -1.557563155074604e-05)
Away_AvgCornersAgainst_Away_Last3,(Away_AvgCornersAgainst_Away_Last3: 5.695090294466354e-06)
Away_AvgCornersAgainst_Away_Last5,(Away_AvgCornersAgainst_Away_Last5: 4.563702896120958e-05)
Away_AvgCornersAgainst_Home_Last10,(Away_AvgCornersAgainst_Home_Last10: -1.0816544090630487e-05)
Away_AvgCornersAgainst_Home_Last15,(Away_AvgCornersAgainst_Home_Last15: 6.864529495942406e-06)
Away_AvgCornersAgainst_Home_Last3,(Away_AvgCornersAgainst_Home_Last3: 5.1654728849825915e-06)
Away_AvgCornersAgainst_Home_Last5,(Away_AvgCornersAgainst_Home_Last5: 3.7420257285702974e-05)
Away_AvgCornersAgainst_Total_Last10,(Away_AvgCornersAgainst_Total_Last10: 5.869750020792708e-05)
Away_AvgCornersAgainst_Total_Last15,(Away_AvgCornersAgainst_Total_Last15: 1.797281038307119e-05)
Away_AvgCornersAgainst_Total_Last3,(Away_AvgCornersAgainst_Total_Last3: 7.057137554511428e-05)
Away_AvgCornersAgainst_Total_Last5,(Away_AvgCornersAgainst_Total_Last5: 7.763168468954973e-06)
Away_AvgCornersFor_Away_Last10,(Away_AvgCornersFor_Away_Last10: 5.351197978598066e-05)
Away_AvgCornersFor_Away_Last15,(Away_AvgCornersFor_Away_Last15: 3.409824057598598e-05)
Away_AvgCornersFor_Away_Last3,(Away_AvgCornersFor_Away_Last3: 2.617622385514551e-06)
Away_AvgCornersFor_Away_Last5,(Away_AvgCornersFor_Away_Last5: 1.4649239119535196e-06)
Away_AvgCornersFor_Home_Last10,(Away_AvgCornersFor_Home_Last10: -2.36616706388304e-05)
Away_AvgCornersFor_Home_Last15,(Away_AvgCornersFor_Home_Last15: -2.312216383870691e-05)
Away_AvgCornersFor_Home_Last3,(Away_AvgCornersFor_Home_Last3: 4.219995025778189e-05)
Away_AvgCornersFor_Home_Last5,(Away_AvgCornersFor_Home_Last5: -1.2600352420122363e-05)
Away_AvgCornersFor_Total_Last10,(Away_AvgCornersFor_Total_Last10: -1.7949048924492672e-05)
Away_AvgCornersFor_Total_Last15,(Away_AvgCornersFor_Total_Last15: -5.984492759125715e-07)
Away_AvgCornersFor_Total_Last3,(Away_AvgCornersFor_Total_Last3: 7.459932385245338e-05)
Away_AvgCornersFor_Total_Last5,(Away_AvgCornersFor_Total_Last5: 4.983742837794125e-05)
Away_AvgExpectedGoalsFor_Away_Last10,(Away_AvgExpectedGoalsFor_Away_Last10: -6.908466457389295e-05)
Away_AvgExpectedGoalsFor_Away_Last15,(Away_AvgExpectedGoalsFor_Away_Last15: -4.134846676606685e-05)
Away_AvgExpectedGoalsFor_Away_Last3,(Away_AvgExpectedGoalsFor_Away_Last3: -8.151309884851798e-05)
Away_AvgExpectedGoalsFor_Away_Last5,(Away_AvgExpectedGoalsFor_Away_Last5: -9.185254020849243e-05)
Away_AvgExpectedGoalsFor_Home_Last10,(Away_AvgExpectedGoalsFor_Home_Last10: -2.4327366190846078e-05)
Away_AvgExpectedGoalsFor_Home_Last15,(Away_AvgExpectedGoalsFor_Home_Last15: -2.7106787456432357e-05)
Away_AvgExpectedGoalsFor_Home_Last3,(Away_AvgExpectedGoalsFor_Home_Last3: -4.5182056055637076e-05)
Away_AvgExpectedGoalsFor_Home_Last5,(Away_AvgExpectedGoalsFor_Home_Last5: -4.996240386390127e-05)
Away_AvgExpectedGoalsFor_Total_Last10,(Away_AvgExpectedGoalsFor_Total_Last10: -7.90891790529713e-05)
Away_AvgExpectedGoalsFor_Total_Last15,(Away_AvgExpectedGoalsFor_Total_Last15: -6.0962047427892685e-05)
Away_AvgExpectedGoalsFor_Total_Last3,(Away_AvgExpectedGoalsFor_Total_Last3: -0.00012884462194051594)
Away_AvgExpectedGoalsFor_Total_Last5,(Away_AvgExpectedGoalsFor_Total_Last5: -6.171654240461066e-05)
Away_AvgFoulsAgainst_Away_Last10,(Away_AvgFoulsAgainst_Away_Last10: 12.06933307647705)
Away_AvgFoulsAgainst_Away_Last15,(Away_AvgFoulsAgainst_Away_Last15: 12.061405181884766)
Away_AvgFoulsAgainst_Away_Last3,(Away_AvgFoulsAgainst_Away_Last3: 12.078927993774414)
Away_AvgFoulsAgainst_Away_Last5,(Away_AvgFoulsAgainst_Away_Last5: 12.071067810058594)
Away_AvgFoulsAgainst_Home_Last10,(Away_AvgFoulsAgainst_Home_Last10: 12.303943634033203)
Away_AvgFoulsAgainst_Home_Last15,(Away_AvgFoulsAgainst_Home_Last15: 12.297680854797363)
Away_AvgFoulsAgainst_Home_Last3,(Away_AvgFoulsAgainst_Home_Last3: 12.2970609664917)
Away_AvgFoulsAgainst_Home_Last5,(Away_AvgFoulsAgainst_Home_Last5: 12.296348571777344)
Away_AvgFoulsAgainst_Total_Last10,(Away_AvgFoulsAgainst_Total_Last10: 2.023898377956357e-05)
Away_AvgFoulsAgainst_Total_Last15,(Away_AvgFoulsAgainst_Total_Last15: -4.927455279357673e-07)
Away_AvgFoulsAgainst_Total_Last3,(Away_AvgFoulsAgainst_Total_Last3: 4.035293557080877e-07)
Away_AvgFoulsAgainst_Total_Last5,(Away_AvgFoulsAgainst_Total_Last5: 1.4094216567173135e-05)
Away_AvgFoulsFor_Away_Last10,(Away_AvgFoulsFor_Away_Last10: 12.281516075134277)
Away_AvgFoulsFor_Away_Last15,(Away_AvgFoulsFor_Away_Last15: 12.26910400390625)
Away_AvgFoulsFor_Away_Last3,(Away_AvgFoulsFor_Away_Last3: 12.29092788696289)
Away_AvgFoulsFor_Away_Last5,(Away_AvgFoulsFor_Away_Last5: 12.286032676696777)
Away_AvgFoulsFor_Home_Last10,(Away_AvgFoulsFor_Home_Last10: 12.083208084106445)
Away_AvgFoulsFor_Home_Last15,(Away_AvgFoulsFor_Home_Last15: 12.075420379638672)
Away_AvgFoulsFor_Home_Last3,(Away_AvgFoulsFor_Home_Last3: 12.079245567321777)
Away_AvgFoulsFor_Home_Last5,(Away_AvgFoulsFor_Home_Last5: 12.082287788391113)
Away_AvgFoulsFor_Total_Last10,(Away_AvgFoulsFor_Total_Last10: 5.576489002123708e-06)
Away_AvgFoulsFor_Total_Last15,(Away_AvgFoulsFor_Total_Last15: 1.5809266187716275e-05)
Away_AvgFoulsFor_Total_Last3,(Away_AvgFoulsFor_Total_Last3: -1.5534884369117208e-05)
Away_AvgFoulsFor_Total_Last5,(Away_AvgFoulsFor_Total_Last5: 2.8885542633361183e-06)
Away_AvgGoalsConceded_Away_Last10,(Away_AvgGoalsConceded_Away_Last10: 1.4953161478042603)
Away_AvgGoalsConceded_Away_Last15,(Away_AvgGoalsConceded_Away_Last15: 1.4932323694229126)
Away_AvgGoalsConceded_Away_Last3,(Away_AvgGoalsConceded_Away_Last3: 1.4996980428695679)
Away_AvgGoalsConceded_Away_Last5,(Away_AvgGoalsConceded_Away_Last5: 1.4980560541152954)
Away_AvgGoalsConceded_Home_Last10,(Away_AvgGoalsConceded_Home_Last10: 1.1882531642913818)
Away_AvgGoalsConceded_Home_Last15,(Away_AvgGoalsConceded_Home_Last15: 1.1859229803085327)
Away_AvgGoalsConceded_Home_Last3,(Away_AvgGoalsConceded_Home_Last3: 1.1950427293777466)
Away_AvgGoalsConceded_Home_Last5,(Away_AvgGoalsConceded_Home_Last5: 1.1910810470581055)
Away_AvgGoalsConceded_Total_Last10,(Away_AvgGoalsConceded_Total_Last10: -2.442791264911648e-05)
Away_AvgGoalsConceded_Total_Last15,(Away_AvgGoalsConceded_Total_Last15: -2.54172755376203e-06)
Away_AvgGoalsConceded_Total_Last3,(Away_AvgGoalsConceded_Total_Last3: -3.177823600708507e-05)
Away_AvgGoalsConceded_Total_Last5,(Away_AvgGoalsConceded_Total_Last5: -4.227310273563489e-05)
Away_AvgGoalsScored_Away_Last10,(Away_AvgGoalsScored_Away_Last10: 1.2532267570495605)
Away_AvgGoalsScored_Away_Last15,(Away_AvgGoalsScored_Away_Last15: 1.2531532049179077)
Away_AvgGoalsScored_Away_Last3,(Away_AvgGoalsScored_Away_Last3: 1.2509582042694092)
Away_AvgGoalsScored_Away_Last5,(Away_AvgGoalsScored_Away_Last5: 1.2523356676101685)
Away_AvgGoalsScored_Home_Last10,(Away_AvgGoalsScored_Home_Last10: 1.5498992204666138)
Away_AvgGoalsScored_Home_Last15,(Away_AvgGoalsScored_Home_Last15: 1.551426649093628)
Away_AvgGoalsScored_Home_Last3,(Away_AvgGoalsScored_Home_Last3: 1.5433175563812256)
Away_AvgGoalsScored_Home_Last5,(Away_AvgGoalsScored_Home_Last5: 1.5468388795852661)
Away_AvgGoalsScored_Total_Last10,(Away_AvgGoalsScored_Total_Last10: -1.869090920081362e-05)
Away_AvgGoalsScored_Total_Last15,(Away_AvgGoalsScored_Total_Last15: -2.390430381637998e-06)
Away_AvgGoalsScored_Total_Last3,(Away_AvgGoalsScored_Total_Last3: -0.0001070290309144184)
Away_AvgGoalsScored_Total_Last5,(Away_AvgGoalsScored_Total_Last5: -0.00010488730185898021)
Away_AvgOffsidesAgainst_Away_Last10,(Away_AvgOffsidesAgainst_Away_Last10: 2.0075342655181885)
Away_AvgOffsidesAgainst_Away_Last15,(Away_AvgOffsidesAgainst_Away_Last15: 2.0147335529327393)
Away_AvgOffsidesAgainst_Away_Last3,(Away_AvgOffsidesAgainst_Away_Last3: 2.0003550052642822)
Away_AvgOffsidesAgainst_Away_Last5,(Away_AvgOffsidesAgainst_Away_Last5: 2.0006093978881836)
Away_AvgOffsidesAgainst_Home_Last10,(Away_AvgOffsidesAgainst_Home_Last10: 1.8744672536849976)
Away_AvgOffsidesAgainst_Home_Last15,(Away_AvgOffsidesAgainst_Home_Last15: 1.8833130598068237)
Away_AvgOffsidesAgainst_Home_Last3,(Away_AvgOffsidesAgainst_Home_Last3: 1.8644933700561523)
Away_AvgOffsidesAgainst_Home_Last5,(Away_AvgOffsidesAgainst_Home_Last5: 1.867521047592163)
Away_AvgOffsidesAgainst_Total_Last10,(Away_AvgOffsidesAgainst_Total_Last10: -3.8074567783041857e-06)
Away_AvgOffsidesAgainst_Total_Last15,(Away_AvgOffsidesAgainst_Total_Last15: -1.9741689811780816e-06)
Away_AvgOffsidesAgainst_Total_Last3,(Away_AvgOffsidesAgainst_Total_Last3: 2.543067603255622e-05)
Away_AvgOffsidesAgainst_Total_Last5,(Away_AvgOffsidesAgainst_Total_Last5: 5.775418230768992e-06)
Away_AvgOffsidesFor_Away_Last10,(Away_AvgOffsidesFor_Away_Last10: 1.8762996196746826)
Away_AvgOffsidesFor_Away_Last15,(Away_AvgOffsidesFor_Away_Last15: 1.8813375234603882)
Away_AvgOffsidesFor_Away_Last3,(Away_AvgOffsidesFor_Away_Last3: 1.8741235733032227)
Away_AvgOffsidesFor_Away_Last5,(Away_AvgOffsidesFor_Away_Last5: 1.8721917867660522)
Away_AvgOffsidesFor_Home_Last10,(Away_AvgOffsidesFor_Home_Last10: 2.024019956588745)
Away_AvgOffsidesFor_Home_Last15,(Away_AvgOffsidesFor_Home_Last15: 2.0285794734954834)
Away_AvgOffsidesFor_Home_Last3,(Away_AvgOffsidesFor_Home_Last3: 2.0222043991088867)
Away_AvgOffsidesFor_Home_Last5,(Away_AvgOffsidesFor_Home_Last5: 2.019169807434082)
Away_AvgOffsidesFor_Total_Last10,(Away_AvgOffsidesFor_Total_Last10: 0.00011717020970536396)
Away_AvgOffsidesFor_Total_Last15,(Away_AvgOffsidesFor_Total_Last15: 7.062549411784858e-05)
Away_AvgOffsidesFor_Total_Last3,(Away_AvgOffsidesFor_Total_Last3: 0.00011072653433075175)
Away_AvgOffsidesFor_Total_Last5,(Away_AvgOffsidesFor_Total_Last5: 0.00011344957601977512)
Away_AvgPassAccuracyAgainst_Away_Last10,(Away_AvgPassAccuracyAgainst_Away_Last10: 78.1474380493164)
Away_AvgPassAccuracyAgainst_Away_Last15,(Away_AvgPassAccuracyAgainst_Away_Last15: 78.12062072753906)
Away_AvgPassAccuracyAgainst_Away_Last3,(Away_AvgPassAccuracyAgainst_Away_Last3: 78.1590347290039)
Away_AvgPassAccuracyAgainst_Away_Last5,(Away_AvgPassAccuracyAgainst_Away_Last5: 78.163818359375)
Away_AvgPassAccuracyAgainst_Home_Last10,(Away_AvgPassAccuracyAgainst_Home_Last10: 77.02277374267578)
Away_AvgPassAccuracyAgainst_Home_Last15,(Away_AvgPassAccuracyAgainst_Home_Last15: 76.97819519042969)
Away_AvgPassAccuracyAgainst_Home_Last3,(Away_AvgPassAccuracyAgainst_Home_Last3: 77.02690887451172)
Away_AvgPassAccuracyAgainst_Home_Last5,(Away_AvgPassAccuracyAgainst_Home_Last5: 77.0604248046875)
Away_AvgPassAccuracyAgainst_Total_Last10,(Away_AvgPassAccuracyAgainst_Total_Last10: -6.859713721496519e-06)
Away_AvgPassAccuracyAgainst_Total_Last15,(Away_AvgPassAccuracyAgainst_Total_Last15: -6.069327810109826e-06)
Away_AvgPassAccuracyAgainst_Total_Last3,(Away_AvgPassAccuracyAgainst_Total_Last3: -3.2760137401055545e-05)
Away_AvgPassAccuracyAgainst_Total_Last5,(Away_AvgPassAccuracyAgainst_Total_Last5: -4.5369004510575905e-05)
Away_AvgPassAccuracyFor_Away_Last10,(Away_AvgPassAccuracyFor_Away_Last10: 76.92841339111328)
Away_AvgPassAccuracyFor_Away_Last15,(Away_AvgPassAccuracyFor_Away_Last15: 76.8433837890625)
Away_AvgPassAccuracyFor_Away_Last3,(Away_AvgPassAccuracyFor_Away_Last3: 77.06070709228516)
Away_AvgPassAccuracyFor_Away_Last5,(Away_AvgPassAccuracyFor_Away_Last5: 77.02285766601562)
Away_AvgPassAccuracyFor_Home_Last10,(Away_AvgPassAccuracyFor_Home_Last10: 78.02709197998047)
Away_AvgPassAccuracyFor_Home_Last15,(Away_AvgPassAccuracyFor_Home_Last15: 77.93109130859375)
Away_AvgPassAccuracyFor_Home_Last3,(Away_AvgPassAccuracyFor_Home_Last3: 78.21172332763672)
Away_AvgPassAccuracyFor_Home_Last5,(Away_AvgPassAccuracyFor_Home_Last5: 78.1594467163086)
Away_AvgPassAccuracyFor_Total_Last10,(Away_AvgPassAccuracyFor_Total_Last10: -2.7839458198286593e-05)
Away_AvgPassAccuracyFor_Total_Last15,(Away_AvgPassAccuracyFor_Total_Last15: -2.655719617905561e-05)
Away_AvgPassAccuracyFor_Total_Last3,(Away_AvgPassAccuracyFor_Total_Last3: -9.147531818598509e-05)
Away_AvgPassAccuracyFor_Total_Last5,(Away_AvgPassAccuracyFor_Total_Last5: -6.863850285299122e-05)
Away_AvgPassesAccurateAgainst_Away_Last10,(Away_AvgPassesAccurateAgainst_Away_Last10: -2.0148263502051122e-05)
Away_AvgPassesAccurateAgainst_Away_Last15,(Away_AvgPassesAccurateAgainst_Away_Last15: -2.697860873013269e-05)
Away_AvgPassesAccurateAgainst_Away_Last3,(Away_AvgPassesAccurateAgainst_Away_Last3: -1.5955816706991754e-05)
Away_AvgPassesAccurateAgainst_Away_Last5,(Away_AvgPassesAccurateAgainst_Away_Last5: 1.0550515980867203e-05)
Away_AvgPassesAccurateAgainst_Home_Last10,(Away_AvgPassesAccurateAgainst_Home_Last10: -9.85544374998426e-06)
Away_AvgPassesAccurateAgainst_Home_Last15,(Away_AvgPassesAccurateAgainst_Home_Last15: -3.329078253955231e-06)
Away_AvgPassesAccurateAgainst_Home_Last3,(Away_AvgPassesAccurateAgainst_Home_Last3: -3.569021646399051e-05)
Away_AvgPassesAccurateAgainst_Home_Last5,(Away_AvgPassesAccurateAgainst_Home_Last5: -5.477100785356015e-05)
Away_AvgPassesAccurateAgainst_Total_Last10,(Away_AvgPassesAccurateAgainst_Total_Last10: 3.733943458428257e-06)
Away_AvgPassesAccurateAgainst_Total_Last15,(Away_AvgPassesAccurateAgainst_Total_Last15: 2.2469657778856345e-06)
Away_AvgPassesAccurateAgainst_Total_Last3,(Away_AvgPassesAccurateAgainst_Total_Last3: 3.02686239592731e-05)
Away_AvgPassesAccurateAgainst_Total_Last5,(Away_AvgPassesAccurateAgainst_Total_Last5: -2.7771544409915805e-05)
Away_AvgPassesAccurateFor_Away_Last10,(Away_AvgPassesAccurateFor_Away_Last10: -7.217187430796912e-06)
Away_AvgPassesAccurateFor_Away_Last15,(Away_AvgPassesAccurateFor_Away_Last15: -1.5617890312569216e-05)
Away_AvgPassesAccurateFor_Away_Last3,(Away_AvgPassesAccurateFor_Away_Last3: -1.5247320334310643e-05)
Away_AvgPassesAccurateFor_Away_Last5,(Away_AvgPassesAccurateFor_Away_Last5: -2.2035339497961104e-05)
Away_AvgPassesAccurateFor_Home_Last10,(Away_AvgPassesAccurateFor_Home_Last10: -5.179147592571098e-06)
Away_AvgPassesAccurateFor_Home_Last15,(Away_AvgPassesAccurateFor_Home_Last15: -1.5991894542821683e-05)
Away_AvgPassesAccurateFor_Home_Last3,(Away_AvgPassesAccurateFor_Home_Last3: -3.4929602406919e-05)
Away_AvgPassesAccurateFor_Home_Last5,(Away_AvgPassesAccurateFor_Home_Last5: -1.263418289454421e-05)
Away_AvgPassesAccurateFor_Total_Last10,(Away_AvgPassesAccurateFor_Total_Last10: -2.0141698769293725e-05)
Away_AvgPassesAccurateFor_Total_Last15,(Away_AvgPassesAccurateFor_Total_Last15: -1.7699439922580495e-05)
Away_AvgPassesAccurateFor_Total_Last3,(Away_AvgPassesAccurateFor_Total_Last3: -7.884385559009388e-05)
Away_AvgPassesAccurateFor_Total_Last5,(Away_AvgPassesAccurateFor_Total_Last5: -5.4906035074964166e-05)
Away_AvgPossessionAgainst_Away_Last10,(Away_AvgPossessionAgainst_Away_Last10: 51.10691833496094)
Away_AvgPossessionAgainst_Away_Last15,(Away_AvgPossessionAgainst_Away_Last15: 51.13080596923828)
Away_AvgPossessionAgainst_Away_Last3,(Away_AvgPossessionAgainst_Away_Last3: 51.0214729309082)
Away_AvgPossessionAgainst_Away_Last5,(Away_AvgPossessionAgainst_Away_Last5: 51.06547546386719)
Away_AvgPossessionAgainst_Home_Last10,(Away_AvgPossessionAgainst_Home_Last10: 49.00091552734375)
Away_AvgPossessionAgainst_Home_Last15,(Away_AvgPossessionAgainst_Home_Last15: 49.021080017089844)
Away_AvgPossessionAgainst_Home_Last3,(Away_AvgPossessionAgainst_Home_Last3: 48.90624237060547)
Away_AvgPossessionAgainst_Home_Last5,(Away_AvgPossessionAgainst_Home_Last5: 48.95884704589844)
Away_AvgPossessionAgainst_Total_Last10,(Away_AvgPossessionAgainst_Total_Last10: 1.2719096048385836e-05)
Away_AvgPossessionAgainst_Total_Last15,(Away_AvgPossessionAgainst_Total_Last15: 9.207692528434563e-06)
Away_AvgPossessionAgainst_Total_Last3,(Away_AvgPossessionAgainst_Total_Last3: 7.09749074303545e-05)
Away_AvgPossessionAgainst_Total_Last5,(Away_AvgPossessionAgainst_Total_Last5: 2.2465794245363213e-05)
Away_AvgPossessionFor_Away_Last10,(Away_AvgPossessionFor_Away_Last10: 48.89308166503906)
Away_AvgPossessionFor_Away_Last15,(Away_AvgPossessionFor_Away_Last15: 48.86919403076172)
Away_AvgPossessionFor_Away_Last3,(Away_AvgPossessionFor_Away_Last3: 48.9785270690918)
Away_AvgPossessionFor_Away_Last5,(Away_AvgPossessionFor_Away_Last5: 48.93452453613281)
Away_AvgPossessionFor_Home_Last10,(Away_AvgPossessionFor_Home_Last10: 50.99908447265625)
Away_AvgPossessionFor_Home_Last15,(Away_AvgPossessionFor_Home_Last15: 50.978919982910156)
Away_AvgPossessionFor_Home_Last3,(Away_AvgPossessionFor_Home_Last3: 51.09375762939453)
Away_AvgPossessionFor_Home_Last5,(Away_AvgPossessionFor_Home_Last5: 51.04115295410156)
Away_AvgPossessionFor_Total_Last10,(Away_AvgPossessionFor_Total_Last10: -1.271885139431106e-05)
Away_AvgPossessionFor_Total_Last15,(Away_AvgPossessionFor_Total_Last15: -9.207473340211436e-06)
Away_AvgPossessionFor_Total_Last3,(Away_AvgPossessionFor_Total_Last3: -7.097503839759156e-05)
Away_AvgPossessionFor_Total_Last5,(Away_AvgPossessionFor_Total_Last5: -2.2465173969976604e-05)
Away_AvgRedCardsAgainst_Away_Last10,(Away_AvgRedCardsAgainst_Away_Last10: 0.0)
Away_AvgRedCardsAgainst_Away_Last15,(Away_AvgRedCardsAgainst_Away_Last15: 0.0)
Away_AvgRedCardsAgainst_Away_Last3,(Away_AvgRedCardsAgainst_Away_Last3: 0.0)
Away_AvgRedCardsAgainst_Away_Last5,(Away_AvgRedCardsAgainst_Away_Last5: 0.0)
Away_AvgRedCardsAgainst_Home_Last10,(Away_AvgRedCardsAgainst_Home_Last10: 0.0)
Away_AvgRedCardsAgainst_Home_Last15,(Away_AvgRedCardsAgainst_Home_Last15: 0.0)
Away_AvgRedCardsAgainst_Home_Last3,(Away_AvgRedCardsAgainst_Home_Last3: 0.0)
Away_AvgRedCardsAgainst_Home_Last5,(Away_AvgRedCardsAgainst_Home_Last5: 0.0)
Away_AvgRedCardsAgainst_Total_Last10,(Away_AvgRedCardsAgainst_Total_Last10: -0.39760516081581254)
Away_AvgRedCardsAgainst_Total_Last15,(Away_AvgRedCardsAgainst_Total_Last15: -0.42676830654611086)
Away_AvgRedCardsAgainst_Total_Last3,(Away_AvgRedCardsAgainst_Total_Last3: -0.3002887992202913)
Away_AvgRedCardsAgainst_Total_Last5,(Away_AvgRedCardsAgainst_Total_Last5: -0.34085876209502064)
Away_AvgRedCardsFor_Away_Last10,(Away_AvgRedCardsFor_Away_Last10: 0.0)
Away_AvgRedCardsFor_Away_Last15,(Away_AvgRedCardsFor_Away_Last15: 0.0)
Away_AvgRedCardsFor_Away_Last3,(Away_AvgRedCardsFor_Away_Last3: 0.0)
Away_AvgRedCardsFor_Away_Last5,(Away_AvgRedCardsFor_Away_Last5: 0.0)
Away_AvgRedCardsFor_Home_Last10,(Away_AvgRedCardsFor_Home_Last10: 0.0)
Away_AvgRedCardsFor_Home_Last15,(Away_AvgRedCardsFor_Home_Last15: 0.0)
Away_AvgRedCardsFor_Home_Last3,(Away_AvgRedCardsFor_Home_Last3: 0.0)
Away_AvgRedCardsFor_Home_Last5,(Away_AvgRedCardsFor_Home_Last5: 0.0)
Away_AvgRedCardsFor_Total_Last10,(Away_AvgRedCardsFor_Total_Last10: -0.4009330908255409)
Away_AvgRedCardsFor_Total_Last15,(Away_AvgRedCardsFor_Total_Last15: -0.4280778801070111)
Away_AvgRedCardsFor_Total_Last3,(Away_AvgRedCardsFor_Total_Last3: -0.3012622035941636)
Away_AvgRedCardsFor_Total_Last5,(Away_AvgRedCardsFor_Total_Last5: -0.34330403473666865)
Away_AvgSavesAgainst_Away_Last10,(Away_AvgSavesAgainst_Away_Last10: 2.706382989883423)
Away_AvgSavesAgainst_Away_Last15,(Away_AvgSavesAgainst_Away_Last15: 2.7063097953796387)
Away_AvgSavesAgainst_Away_Last3,(Away_AvgSavesAgainst_Away_Last3: 2.7129299640655518)
Away_AvgSavesAgainst_Away_Last5,(Away_AvgSavesAgainst_Away_Last5: 2.708648681640625)
Away_AvgSavesAgainst_Home_Last10,(Away_AvgSavesAgainst_Home_Last10: 3.217313051223755)
Away_AvgSavesAgainst_Home_Last15,(Away_AvgSavesAgainst_Home_Last15: 3.2177891731262207)
Away_AvgSavesAgainst_Home_Last3,(Away_AvgSavesAgainst_Home_Last3: 3.2171170711517334)
Away_AvgSavesAgainst_Home_Last5,(Away_AvgSavesAgainst_Home_Last5: 3.218797206878662)
Away_AvgSavesAgainst_Total_Last10,(Away_AvgSavesAgainst_Total_Last10: -1.6308847989421338e-05)
Away_AvgSavesAgainst_Total_Last15,(Away_AvgSavesAgainst_Total_Last15: -2.410014349152334e-05)
Away_AvgSavesAgainst_Total_Last3,(Away_AvgSavesAgainst_Total_Last3: 6.028336429153569e-05)
Away_AvgSavesAgainst_Total_Last5,(Away_AvgSavesAgainst_Total_Last5: 1.5751804312458262e-05)
Away_AvgSavesFor_Away_Last10,(Away_AvgSavesFor_Away_Last10: 3.2166037559509277)
Away_AvgSavesFor_Away_Last15,(Away_AvgSavesFor_Away_Last15: 3.2179765701293945)
Away_AvgSavesFor_Away_Last3,(Away_AvgSavesFor_Away_Last3: 3.2100276947021484)
Away_AvgSavesFor_Away_Last5,(Away_AvgSavesFor_Away_Last5: 3.215353488922119)
Away_AvgSavesFor_Home_Last10,(Away_AvgSavesFor_Home_Last10: 2.71185564994812)
Away_AvgSavesFor_Home_Last15,(Away_AvgSavesFor_Home_Last15: 2.7137608528137207)
Away_AvgSavesFor_Home_Last3,(Away_AvgSavesFor_Home_Last3: 2.6983213424682617)
Away_AvgSavesFor_Home_Last5,(Away_AvgSavesFor_Home_Last5: 2.7069311141967773)
Away_AvgSavesFor_Total_Last10,(Away_AvgSavesFor_Total_Last10: 1.8402657588012516e-05)
Away_AvgSavesFor_Total_Last15,(Away_AvgSavesFor_Total_Last15: -5.677170975104673e-06)
Away_AvgSavesFor_Total_Last3,(Away_AvgSavesFor_Total_Last3: -8.657108082843479e-06)
Away_AvgSavesFor_Total_Last5,(Away_AvgSavesFor_Total_Last5: -4.885429734713398e-05)
Away_AvgShotsAgainst_Away_Last10,(Away_AvgShotsAgainst_Away_Last10: -2.4524557375116274e-05)
Away_AvgShotsAgainst_Away_Last15,(Away_AvgShotsAgainst_Away_Last15: -1.0651525371940807e-05)
Away_AvgShotsAgainst_Away_Last3,(Away_AvgShotsAgainst_Away_Last3: 3.257580829085782e-06)
Away_AvgShotsAgainst_Away_Last5,(Away_AvgShotsAgainst_Away_Last5: 1.2369887372187804e-05)
Away_AvgShotsAgainst_Home_Last10,(Away_AvgShotsAgainst_Home_Last10: 2.4233469275714015e-07)
Away_AvgShotsAgainst_Home_Last15,(Away_AvgShotsAgainst_Home_Last15: 1.5017564692243468e-05)
Away_AvgShotsAgainst_Home_Last3,(Away_AvgShotsAgainst_Home_Last3: -8.935748337535188e-05)
Away_AvgShotsAgainst_Home_Last5,(Away_AvgShotsAgainst_Home_Last5: -3.826304237009026e-05)
Away_AvgShotsAgainst_Total_Last10,(Away_AvgShotsAgainst_Total_Last10: -2.383098717473331e-06)
Away_AvgShotsAgainst_Total_Last15,(Away_AvgShotsAgainst_Total_Last15: -1.5384164726128802e-05)
Away_AvgShotsAgainst_Total_Last3,(Away_AvgShotsAgainst_Total_Last3: -2.5646020731073804e-05)
Away_AvgShotsAgainst_Total_Last5,(Away_AvgShotsAgainst_Total_Last5: -5.572641020989977e-05)
Away_AvgShotsFor_Away_Last10,(Away_AvgShotsFor_Away_Last10: 1.1438231922511477e-05)
Away_AvgShotsFor_Away_Last15,(Away_AvgShotsFor_Away_Last15: -8.480227734253276e-06)
Away_AvgShotsFor_Away_Last3,(Away_AvgShotsFor_Away_Last3: -4.424807775649242e-05)
Away_AvgShotsFor_Away_Last5,(Away_AvgShotsFor_Away_Last5: -1.9734210582100786e-05)
Away_AvgShotsFor_Home_Last10,(Away_AvgShotsFor_Home_Last10: 8.848429388308432e-06)
Away_AvgShotsFor_Home_Last15,(Away_AvgShotsFor_Home_Last15: -1.6530580978724174e-05)
Away_AvgShotsFor_Home_Last3,(Away_AvgShotsFor_Home_Last3: 6.060190935386345e-05)
Away_AvgShotsFor_Home_Last5,(Away_AvgShotsFor_Home_Last5: -8.987386536318809e-06)
Away_AvgShotsFor_Total_Last10,(Away_AvgShotsFor_Total_Last10: -3.6821125831920654e-05)
Away_AvgShotsFor_Total_Last15,(Away_AvgShotsFor_Total_Last15: -2.715920572882169e-06)
Away_AvgShotsFor_Total_Last3,(Away_AvgShotsFor_Total_Last3: 5.515283191925846e-06)
Away_AvgShotsFor_Total_Last5,(Away_AvgShotsFor_Total_Last5: -3.39969847118482e-05)
Away_AvgShotsInsideBoxAgainst_Away_Last10,(Away_AvgShotsInsideBoxAgainst_Away_Last10: -2.398766082478687e-05)
Away_AvgShotsInsideBoxAgainst_Away_Last15,(Away_AvgShotsInsideBoxAgainst_Away_Last15: 4.060778337588999e-06)
Away_AvgShotsInsideBoxAgainst_Away_Last3,(Away_AvgShotsInsideBoxAgainst_Away_Last3: -3.726860450115055e-05)
Away_AvgShotsInsideBoxAgainst_Away_Last5,(Away_AvgShotsInsideBoxAgainst_Away_Last5: 4.604806235875003e-06)
Away_AvgShotsInsideBoxAgainst_Home_Last10,(Away_AvgShotsInsideBoxAgainst_Home_Last10: -7.4176591624564026e-06)
Away_AvgShotsInsideBoxAgainst_Home_Last15,(Away_AvgShotsInsideBoxAgainst_Home_Last15: 1.7203921743202955e-05)
Away_AvgShotsInsideBoxAgainst_Home_Last3,(Away_AvgShotsInsideBoxAgainst_Home_Last3: -0.00010341646702727303)
Away_AvgShotsInsideBoxAgainst_Home_Last5,(Away_AvgShotsInsideBoxAgainst_Home_Last5: -2.5366267436766066e-05)
Away_AvgShotsInsideBoxAgainst_Total_Last10,(Away_AvgShotsInsideBoxAgainst_Total_Last10: -5.852759272784169e-07)
Away_AvgShotsInsideBoxAgainst_Total_Last15,(Away_AvgShotsInsideBoxAgainst_Total_Last15: -7.995737178134732e-06)
Away_AvgShotsInsideBoxAgainst_Total_Last3,(Away_AvgShotsInsideBoxAgainst_Total_Last3: -6.441507139243186e-05)
Away_AvgShotsInsideBoxAgainst_Total_Last5,(Away_AvgShotsInsideBoxAgainst_Total_Last5: -8.587816409999505e-05)
Away_AvgShotsInsideBoxFor_Away_Last10,(Away_AvgShotsInsideBoxFor_Away_Last10: -5.335175046639051e-06)
Away_AvgShotsInsideBoxFor_Away_Last15,(Away_AvgShotsInsideBoxFor_Away_Last15: -1.1990887287538499e-05)
Away_AvgShotsInsideBoxFor_Away_Last3,(Away_AvgShotsInsideBoxFor_Away_Last3: -7.012345304246992e-05)
Away_AvgShotsInsideBoxFor_Away_Last5,(Away_AvgShotsInsideBoxFor_Away_Last5: -5.9293721278663725e-05)
Away_AvgShotsInsideBoxFor_Home_Last10,(Away_AvgShotsInsideBoxFor_Home_Last10: 4.615857960743597e-06)
Away_AvgShotsInsideBoxFor_Home_Last15,(Away_AvgShotsInsideBoxFor_Home_Last15: -1.8523256585467607e-05)
Away_AvgShotsInsideBoxFor_Home_Last3,(Away_AvgShotsInsideBoxFor_Home_Last3: 5.188086652196944e-05)
Away_AvgShotsInsideBoxFor_Home_Last5,(Away_AvgShotsInsideBoxFor_Home_Last5: -2.3073513148119673e-05)
Away_AvgShotsInsideBoxFor_Total_Last10,(Away_AvgShotsInsideBoxFor_Total_Last10: -6.126987864263356e-05)
Away_AvgShotsInsideBoxFor_Total_Last15,(Away_AvgShotsInsideBoxFor_Total_Last15: -1.6122681699926034e-05)
Away_AvgShotsInsideBoxFor_Total_Last3,(Away_AvgShotsInsideBoxFor_Total_Last3: -1.6793997929198667e-05)
Away_AvgShotsInsideBoxFor_Total_Last5,(Away_AvgShotsInsideBoxFor_Total_Last5: -4.8427769797854125e-05)
Away_AvgShotsOffTargetAgainst_Away_Last10,(Away_AvgShotsOffTargetAgainst_Away_Last10: 2.594864236016292e-05)
Away_AvgShotsOffTargetAgainst_Away_Last15,(Away_AvgShotsOffTargetAgainst_Away_Last15: 4.703281956608407e-05)
Away_AvgShotsOffTargetAgainst_Away_Last3,(Away_AvgShotsOffTargetAgainst_Away_Last3: 5.137304469826631e-05)
Away_AvgShotsOffTargetAgainst_Away_Last5,(Away_AvgShotsOffTargetAgainst_Away_Last5: 4.4821434130426496e-05)
Away_AvgShotsOffTargetAgainst_Home_Last10,(Away_AvgShotsOffTargetAgainst_Home_Last10: 5.292025889502838e-05)
Away_AvgShotsOffTargetAgainst_Home_Last15,(Away_AvgShotsOffTargetAgainst_Home_Last15: 5.247765511739999e-05)
Away_AvgShotsOffTargetAgainst_Home_Last3,(Away_AvgShotsOffTargetAgainst_Home_Last3: -4.7508419811492786e-05)
Away_AvgShotsOffTargetAgainst_Home_Last5,(Away_AvgShotsOffTargetAgainst_Home_Last5: 7.0212690843618475e-06)
Away_AvgShotsOffTargetAgainst_Total_Last10,(Away_AvgShotsOffTargetAgainst_Total_Last10: 3.7879686715314165e-05)
Away_AvgShotsOffTargetAgainst_Total_Last15,(Away_AvgShotsOffTargetAgainst_Total_Last15: 5.0316106353420764e-05)
Away_AvgShotsOffTargetAgainst_Total_Last3,(Away_AvgShotsOffTargetAgainst_Total_Last3: 1.421609067620011e-05)
Away_AvgShotsOffTargetAgainst_Total_Last5,(Away_AvgShotsOffTargetAgainst_Total_Last5: 1.167377286037663e-05)
Away_AvgShotsOffTargetFor_Away_Last10,(Away_AvgShotsOffTargetFor_Away_Last10: 5.6071025028359145e-05)
Away_AvgShotsOffTargetFor_Away_Last15,(Away_AvgShotsOffTargetFor_Away_Last15: 2.8925751394126564e-05)
Away_AvgShotsOffTargetFor_Away_Last3,(Away_AvgShotsOffTargetFor_Away_Last3: -2.4729111828492023e-05)
Away_AvgShotsOffTargetFor_Away_Last5,(Away_AvgShotsOffTargetFor_Away_Last5: 1.584491656103637e-05)
Away_AvgShotsOffTargetFor_Home_Last10,(Away_AvgShotsOffTargetFor_Home_Last10: 4.79552400065586e-05)
Away_AvgShotsOffTargetFor_Home_Last15,(Away_AvgShotsOffTargetFor_Home_Last15: 4.8606285417918116e-05)
Away_AvgShotsOffTargetFor_Home_Last3,(Away_AvgShotsOffTargetFor_Home_Last3: 0.0001204192012664862)
Away_AvgShotsOffTargetFor_Home_Last5,(Away_AvgShotsOffTargetFor_Home_Last5: 4.604670175467618e-05)
Away_AvgShotsOffTargetFor_Total_Last10,(Away_AvgShotsOffTargetFor_Total_Last10: 1.8802702470566146e-05)
Away_AvgShotsOffTargetFor_Total_Last15,(Away_AvgShotsOffTargetFor_Total_Last15: 5.2758525271201506e-05)
Away_AvgShotsOffTargetFor_Total_Last3,(Away_AvgShotsOffTargetFor_Total_Last3: 5.2236839110264555e-05)
Away_AvgShotsOffTargetFor_Total_Last5,(Away_AvgShotsOffTargetFor_Total_Last5: -4.991411515220534e-06)
Away_AvgShotsOutsideBoxAgainst_Away_Last10,(Away_AvgShotsOutsideBoxAgainst_Away_Last10: 6.338780804071575e-05)
Away_AvgShotsOutsideBoxAgainst_Away_Last15,(Away_AvgShotsOutsideBoxAgainst_Away_Last15: 7.697166438447312e-05)
Away_AvgShotsOutsideBoxAgainst_Away_Last3,(Away_AvgShotsOutsideBoxAgainst_Away_Last3: 0.00011085654114140198)
Away_AvgShotsOutsideBoxAgainst_Away_Last5,(Away_AvgShotsOutsideBoxAgainst_Away_Last5: 7.635460497112945e-05)
Away_AvgShotsOutsideBoxAgainst_Home_Last10,(Away_AvgShotsOutsideBoxAgainst_Home_Last10: 5.954721927992068e-05)
Away_AvgShotsOutsideBoxAgainst_Home_Last15,(Away_AvgShotsOutsideBoxAgainst_Home_Last15: 7.300006836885586e-05)
Away_AvgShotsOutsideBoxAgainst_Home_Last3,(Away_AvgShotsOutsideBoxAgainst_Home_Last3: 6.2708604673389345e-06)
Away_AvgShotsOutsideBoxAgainst_Home_Last5,(Away_AvgShotsOutsideBoxAgainst_Home_Last5: 1.2380892258079257e-05)
Away_AvgShotsOutsideBoxAgainst_Total_Last10,(Away_AvgShotsOutsideBoxAgainst_Total_Last10: 6.829554331488907e-05)
Away_AvgShotsOutsideBoxAgainst_Total_Last15,(Away_AvgShotsOutsideBoxAgainst_Total_Last15: 5.3988864237908274e-05)
Away_AvgShotsOutsideBoxAgainst_Total_Last3,(Away_AvgShotsOutsideBoxAgainst_Total_Last3: 7.667968748137355e-05)
Away_AvgShotsOutsideBoxAgainst_Total_Last5,(Away_AvgShotsOutsideBoxAgainst_Total_Last5: 5.45932816748973e-05)
Away_AvgShotsOutsideBoxFor_Away_Last10,(Away_AvgShotsOutsideBoxFor_Away_Last10: 0.00011053944035666063)
Away_AvgShotsOutsideBoxFor_Away_Last15,(Away_AvgShotsOutsideBoxFor_Away_Last15: 9.308481821790338e-05)
Away_AvgShotsOutsideBoxFor_Away_Last3,(Away_AvgShotsOutsideBoxFor_Away_Last3: 5.5456544941989705e-05)
Away_AvgShotsOutsideBoxFor_Away_Last5,(Away_AvgShotsOutsideBoxFor_Away_Last5: 0.00010135973570868373)
Away_AvgShotsOutsideBoxFor_Home_Last10,(Away_AvgShotsOutsideBoxFor_Home_Last10: 7.1100534114521e-05)
Away_AvgShotsOutsideBoxFor_Home_Last15,(Away_AvgShotsOutsideBoxFor_Home_Last15: 5.8962308685295284e-05)
Away_AvgShotsOutsideBoxFor_Home_Last3,(Away_AvgShotsOutsideBoxFor_Home_Last3: 8.213862020056695e-05)
Away_AvgShotsOutsideBoxFor_Home_Last5,(Away_AvgShotsOutsideBoxFor_Home_Last5: 5.117447653901763e-05)
Away_AvgShotsOutsideBoxFor_Total_Last10,(Away_AvgShotsOutsideBoxFor_Total_Last10: 6.659604696324095e-05)
Away_AvgShotsOutsideBoxFor_Total_Last15,(Away_AvgShotsOutsideBoxFor_Total_Last15: 9.36481956159696e-05)
Away_AvgShotsOutsideBoxFor_Total_Last3,(Away_AvgShotsOutsideBoxFor_Total_Last3: 6.936451245564967e-05)
Away_AvgShotsOutsideBoxFor_Total_Last5,(Away_AvgShotsOutsideBoxFor_Total_Last5: 4.5847773435525596e-05)
Away_AvgShotsTargetAgainst_Away_Last10,(Away_AvgShotsTargetAgainst_Away_Last10: -1.1747491043934133e-05)
Away_AvgShotsTargetAgainst_Away_Last15,(Away_AvgShotsTargetAgainst_Away_Last15: -1.129649149334e-06)
Away_AvgShotsTargetAgainst_Away_Last3,(Away_AvgShotsTargetAgainst_Away_Last3: 1.9247967429691926e-05)
Away_AvgShotsTargetAgainst_Away_Last5,(Away_AvgShotsTargetAgainst_Away_Last5: 2.6687133868108504e-05)
Away_AvgShotsTargetAgainst_Home_Last10,(Away_AvgShotsTargetAgainst_Home_Last10: 8.895718565327115e-06)
Away_AvgShotsTargetAgainst_Home_Last15,(Away_AvgShotsTargetAgainst_Home_Last15: 3.333678614581004e-05)
Away_AvgShotsTargetAgainst_Home_Last3,(Away_AvgShotsTargetAgainst_Home_Last3: -6.277357169892639e-05)
Away_AvgShotsTargetAgainst_Home_Last5,(Away_AvgShotsTargetAgainst_Home_Last5: -2.9997654564795084e-05)
Away_AvgShotsTargetAgainst_Total_Last10,(Away_AvgShotsTargetAgainst_Total_Last10: 7.6257838372839615e-06)
Away_AvgShotsTargetAgainst_Total_Last15,(Away_AvgShotsTargetAgainst_Total_Last15: -8.22873607830843e-06)
Away_AvgShotsTargetAgainst_Total_Last3,(Away_AvgShotsTargetAgainst_Total_Last3: -3.6781872040592134e-05)
Away_AvgShotsTargetAgainst_Total_Last5,(Away_AvgShotsTargetAgainst_Total_Last5: -6.136779848020524e-05)
Away_AvgShotsTargetFor_Away_Last10,(Away_AvgShotsTargetFor_Away_Last10: 2.658847506609163e-07)
Away_AvgShotsTargetFor_Away_Last15,(Away_AvgShotsTargetFor_Away_Last15: -3.193067641404923e-06)
Away_AvgShotsTargetFor_Away_Last3,(Away_AvgShotsTargetFor_Away_Last3: -3.5350403777556494e-05)
Away_AvgShotsTargetFor_Away_Last5,(Away_AvgShotsTargetFor_Away_Last5: -2.3911217795102857e-05)
Away_AvgShotsTargetFor_Home_Last10,(Away_AvgShotsTargetFor_Home_Last10: -1.4396267715710565e-06)
Away_AvgShotsTargetFor_Home_Last15,(Away_AvgShotsTargetFor_Home_Last15: -1.413927566318307e-05)
Away_AvgShotsTargetFor_Home_Last3,(Away_AvgShotsTargetFor_Home_Last3: 3.3632466056587873e-06)
Away_AvgShotsTargetFor_Home_Last5,(Away_AvgShotsTargetFor_Home_Last5: -1.9767616322496906e-05)
Away_AvgShotsTargetFor_Total_Last10,(Away_AvgShotsTargetFor_Total_Last10: -3.306781218270771e-05)
Away_AvgShotsTargetFor_Total_Last15,(Away_AvgShotsTargetFor_Total_Last15: -1.7914808267960325e-05)
Away_AvgShotsTargetFor_Total_Last3,(Away_AvgShotsTargetFor_Total_Last3: -9.573429451847915e-06)
Away_AvgShotsTargetFor_Total_Last5,(Away_AvgShotsTargetFor_Total_Last5: -2.9361250199144706e-05)
Away_AvgTotalPassesAgainst_Away_Last10,(Away_AvgTotalPassesAgainst_Away_Last10: -2.4965494958451018e-05)
Away_AvgTotalPassesAgainst_Away_Last15,(Away_AvgTotalPassesAgainst_Away_Last15: -3.2562445994699374e-05)
Away_AvgTotalPassesAgainst_Away_Last3,(Away_AvgTotalPassesAgainst_Away_Last3: -1.977087049453985e-05)
Away_AvgTotalPassesAgainst_Away_Last5,(Away_AvgTotalPassesAgainst_Away_Last5: 5.663448064296972e-06)
Away_AvgTotalPassesAgainst_Home_Last10,(Away_AvgTotalPassesAgainst_Home_Last10: -1.415371116308961e-05)
Away_AvgTotalPassesAgainst_Home_Last15,(Away_AvgTotalPassesAgainst_Home_Last15: -8.11610971140908e-06)
Away_AvgTotalPassesAgainst_Home_Last3,(Away_AvgTotalPassesAgainst_Home_Last3: -1.7804577510105446e-05)
Away_AvgTotalPassesAgainst_Home_Last5,(Away_AvgTotalPassesAgainst_Home_Last5: -4.794211781700142e-05)
Away_AvgTotalPassesAgainst_Total_Last10,(Away_AvgTotalPassesAgainst_Total_Last10: 1.4761245665795286e-06)
Away_AvgTotalPassesAgainst_Total_Last15,(Away_AvgTotalPassesAgainst_Total_Last15: -7.467785962944617e-07)
Away_AvgTotalPassesAgainst_Total_Last3,(Away_AvgTotalPassesAgainst_Total_Last3: 5.118270928505808e-05)
Away_AvgTotalPassesAgainst_Total_Last5,(Away_AvgTotalPassesAgainst_Total_Last5: -2.1432344510685652e-05)
Away_AvgTotalPassesFor_Away_Last10,(Away_AvgTotalPassesFor_Away_Last10: -5.9617741499096155e-06)
Away_AvgTotalPassesFor_Away_Last15,(Away_AvgTotalPassesFor_Away_Last15: -1.530385998194106e-05)
Away_AvgTotalPassesFor_Away_Last3,(Away_AvgTotalPassesFor_Away_Last3: -1.2606902600964531e-05)
Away_AvgTotalPassesFor_Away_Last5,(Away_AvgTotalPassesFor_Away_Last5: -2.2788883143221028e-05)
Away_AvgTotalPassesFor_Home_Last10,(Away_AvgTotalPassesFor_Home_Last10: -7.565935447928496e-06)
Away_AvgTotalPassesFor_Home_Last15,(Away_AvgTotalPassesFor_Home_Last15: -2.036143996519968e-05)
Away_AvgTotalPassesFor_Home_Last3,(Away_AvgTotalPassesFor_Home_Last3: -2.23736024054233e-05)
Away_AvgTotalPassesFor_Home_Last5,(Away_AvgTotalPassesFor_Home_Last5: -5.124229573993944e-06)
Away_AvgTotalPassesFor_Total_Last10,(Away_AvgTotalPassesFor_Total_Last10: -1.960279951163102e-05)
Away_AvgTotalPassesFor_Total_Last15,(Away_AvgTotalPassesFor_Total_Last15: -1.8144795831176452e-05)
Away_AvgTotalPassesFor_Total_Last3,(Away_AvgTotalPassesFor_Total_Last3: -7.251123315654695e-05)
Away_AvgTotalPassesFor_Total_Last5,(Away_AvgTotalPassesFor_Total_Last5: -5.1835711929015815e-05)
Away_AvgYellowCardsAgainst_Away_Last10,(Away_AvgYellowCardsAgainst_Away_Last10: 0.3333333333333333)
Away_AvgYellowCardsAgainst_Away_Last15,(Away_AvgYellowCardsAgainst_Away_Last15: 0.3333333333333333)
Away_AvgYellowCardsAgainst_Away_Last3,(Away_AvgYellowCardsAgainst_Away_Last3: 0.25)
Away_AvgYellowCardsAgainst_Away_Last5,(Away_AvgYellowCardsAgainst_Away_Last5: 0.2857142857142857)
Away_AvgYellowCardsAgainst_Home_Last10,(Away_AvgYellowCardsAgainst_Home_Last10: 0.25)
Away_AvgYellowCardsAgainst_Home_Last15,(Away_AvgYellowCardsAgainst_Home_Last15: 0.25)
Away_AvgYellowCardsAgainst_Home_Last3,(Away_AvgYellowCardsAgainst_Home_Last3: 0.2222222222222222)
Away_AvgYellowCardsAgainst_Home_Last5,(Away_AvgYellowCardsAgainst_Home_Last5: 0.25)
Away_AvgYellowCardsAgainst_Total_Last10,(Away_AvgYellowCardsAgainst_Total_Last10: -0.16764385489652164)
Away_AvgYellowCardsAgainst_Total_Last15,(Away_AvgYellowCardsAgainst_Total_Last15: -0.18431223659381696)
Away_AvgYellowCardsAgainst_Total_Last3,(Away_AvgYellowCardsAgainst_Total_Last3: -0.11592416100378634)
Away_AvgYellowCardsAgainst_Total_Last5,(Away_AvgYellowCardsAgainst_Total_Last5: -0.13892990573409014)
Away_AvgYellowCardsFor_Away_Last10,(Away_AvgYellowCardsFor_Away_Last10: 0.2857142857142857)
Away_AvgYellowCardsFor_Away_Last15,(Away_AvgYellowCardsFor_Away_Last15: 0.2857142857142857)
Away_AvgYellowCardsFor_Away_Last3,(Away_AvgYellowCardsFor_Away_Last3: 0.2222222222222222)
Away_AvgYellowCardsFor_Away_Last5,(Away_AvgYellowCardsFor_Away_Last5: 0.25)
Away_AvgYellowCardsFor_Home_Last10,(Away_AvgYellowCardsFor_Home_Last10: 0.25)
Away_AvgYellowCardsFor_Home_Last15,(Away_AvgYellowCardsFor_Home_Last15: 0.25)
Away_AvgYellowCardsFor_Home_Last3,(Away_AvgYellowCardsFor_Home_Last3: 0.2222222222222222)
Away_AvgYellowCardsFor_Home_Last5,(Away_AvgYellowCardsFor_Home_Last5: 0.25)
Away_AvgYellowCardsFor_Total_Last10,(Away_AvgYellowCardsFor_Total_Last10: -0.17400607993647707)
Away_AvgYellowCardsFor_Total_Last15,(Away_AvgYellowCardsFor_Total_Last15: -0.19443400664824756)
Away_AvgYellowCardsFor_Total_Last3,(Away_AvgYellowCardsFor_Total_Last3: -0.11886941607463929)
Away_AvgYellowCardsFor_Total_Last5,(Away_AvgYellowCardsFor_Total_Last5: -0.14176150142891822)
Away_BTTS_Ratio_Away_Last10,(Away_BTTS_Ratio_Away_Last10: 0.5184728503227234)
Away_BTTS_Ratio_Away_Last15,(Away_BTTS_Ratio_Away_Last15: 0.5182916522026062)
Away_BTTS_Ratio_Away_Last3,(Away_BTTS_Ratio_Away_Last3: 0.5192561745643616)
Away_BTTS_Ratio_Away_Last5,(Away_BTTS_Ratio_Away_Last5: 0.5189021825790405)
Away_BTTS_Ratio_Home_Last10,(Away_BTTS_Ratio_Home_Last10: 0.5179637670516968)
Away_BTTS_Ratio_Home_Last15,(Away_BTTS_Ratio_Home_Last15: 0.517682671546936)
Away_BTTS_Ratio_Home_Last3,(Away_BTTS_Ratio_Home_Last3: 0.5189682841300964)
Away_BTTS_Ratio_Home_Last5,(Away_BTTS_Ratio_Home_Last5: 0.5186602473258972)
Away_BTTS_Ratio_Total_Last10,(Away_BTTS_Ratio_Total_Last10: -3.127489617327228e-05)
Away_BTTS_Ratio_Total_Last15,(Away_BTTS_Ratio_Total_Last15: -2.84663874481339e-05)
Away_BTTS_Ratio_Total_Last3,(Away_BTTS_Ratio_Total_Last3: -7.062842632876709e-05)
Away_BTTS_Ratio_Total_Last5,(Away_BTTS_Ratio_Total_Last5: -7.05612837919034e-05)
Away_CleanSheet_Ratio_Away_Last10,(Away_CleanSheet_Ratio_Away_Last10: 0.24182361364364624)
Away_CleanSheet_Ratio_Away_Last15,(Away_CleanSheet_Ratio_Away_Last15: 0.24230940639972687)
Away_CleanSheet_Ratio_Away_Last3,(Away_CleanSheet_Ratio_Away_Last3: 0.24056246876716614)
Away_CleanSheet_Ratio_Away_Last5,(Away_CleanSheet_Ratio_Away_Last5: 0.2411118596792221)
Away_CleanSheet_Ratio_Home_Last10,(Away_CleanSheet_Ratio_Home_Last10: 0.3251987397670746)
Away_CleanSheet_Ratio_Home_Last15,(Away_CleanSheet_Ratio_Home_Last15: 0.3258614242076874)
Away_CleanSheet_Ratio_Home_Last3,(Away_CleanSheet_Ratio_Home_Last3: 0.3227473795413971)
Away_CleanSheet_Ratio_Home_Last5,(Away_CleanSheet_Ratio_Home_Last5: 0.3242560923099518)
Away_CleanSheet_Ratio_Total_Last10,(Away_CleanSheet_Ratio_Total_Last10: 5.2176608733134344e-05)
Away_CleanSheet_Ratio_Total_Last15,(Away_CleanSheet_Ratio_Total_Last15: 4.458057810552418e-05)
Away_CleanSheet_Ratio_Total_Last3,(Away_CleanSheet_Ratio_Total_Last3: 5.650374077958986e-05)
Away_CleanSheet_Ratio_Total_Last5,(Away_CleanSheet_Ratio_Total_Last5: 5.4173182434169576e-05)
Away_D_Count_Away_Last10,(Away_D_Count_Away_Last10: 0.25)
Away_D_Count_Away_Last15,(Away_D_Count_Away_Last15: 0.27272728085517883)
Away_D_Count_Away_Last3,(Away_D_Count_Away_Last3: 0.25)
Away_D_Count_Away_Last5,(Away_D_Count_Away_Last5: 0.20000000298023224)
Away_D_Count_Home_Last10,(Away_D_Count_Home_Last10: 0.2222222238779068)
Away_D_Count_Home_Last15,(Away_D_Count_Home_Last15: 0.23076923191547394)
Away_D_Count_Home_Last3,(Away_D_Count_Home_Last3: 0.25)
Away_D_Count_Home_Last5,(Away_D_Count_Home_Last5: 0.20000000298023224)
Away_D_Count_Total_Last10,(Away_D_Count_Total_Last10: -0.2861214578151703)
Away_D_Count_Total_Last15,(Away_D_Count_Total_Last15: 0.23531265556812286)
Away_D_Count_Total_Last3,(Away_D_Count_Total_Last3: 0.34652987122535706)
Away_D_Count_Total_Last5,(Away_D_Count_Total_Last5: -0.22355227172374725)
Away_FormPoints_Away_Last10,(Away_FormPoints_Away_Last10: 0.34133079648017883)
Away_FormPoints_Away_Last15,(Away_FormPoints_Away_Last15: 0.38084420561790466)
Away_FormPoints_Away_Last3,(Away_FormPoints_Away_Last3: 0.2377733290195465)
Away_FormPoints_Away_Last5,(Away_FormPoints_Away_Last5: 0.28114861249923706)
Away_FormPoints_Home_Last10,(Away_FormPoints_Home_Last10: 0.4703827202320099)
Away_FormPoints_Home_Last15,(Away_FormPoints_Home_Last15: 0.4975455701351166)
Away_FormPoints_Home_Last3,(Away_FormPoints_Home_Last3: 0.3973735272884369)
Away_FormPoints_Home_Last5,(Away_FormPoints_Home_Last5: 0.43908587098121643)
Away_FormPoints_Total_Last10,(Away_FormPoints_Total_Last10: 6.378354555636179e-06)
Away_FormPoints_Total_Last15,(Away_FormPoints_Total_Last15: -4.653800715459511e-06)
Away_FormPoints_Total_Last3,(Away_FormPoints_Total_Last3: -4.3022813770221546e-05)
Away_FormPoints_Total_Last5,(Away_FormPoints_Total_Last5: -3.426853072596714e-05)
Away_L_Count_Away_Last10,(Away_L_Count_Away_Last10: 0.3636363744735718)
Away_L_Count_Away_Last15,(Away_L_Count_Away_Last15: 0.375)
Away_L_Count_Away_Last3,(Away_L_Count_Away_Last3: 0.25)
Away_L_Count_Away_Last5,(Away_L_Count_Away_Last5: 0.3333333432674408)
Away_L_Count_Home_Last10,(Away_L_Count_Home_Last10: 0.30000001192092896)
Away_L_Count_Home_Last15,(Away_L_Count_Home_Last15: 0.2857142984867096)
Away_L_Count_Home_Last3,(Away_L_Count_Home_Last3: 0.25)
Away_L_Count_Home_Last5,(Away_L_Count_Home_Last5: 0.20000000298023224)
Away_L_Count_Total_Last10,(Away_L_Count_Total_Last10: 0.2404301017522812)
Away_L_Count_Total_Last15,(Away_L_Count_Total_Last15: -0.08112877607345581)
Away_L_Count_Total_Last3,(Away_L_Count_Total_Last3: -0.11576253920793533)
Away_L_Count_Total_Last5,(Away_L_Count_Total_Last5: 0.15239135921001434)
Away_W_Count_Away_Last10,(Away_W_Count_Away_Last10: 0.27272728085517883)
Away_W_Count_Away_Last15,(Away_W_Count_Away_Last15: 0.3333333432674408)
Away_W_Count_Away_Last3,(Away_W_Count_Away_Last3: 0.20000000298023224)
Away_W_Count_Away_Last5,(Away_W_Count_Away_Last5: 0.2857142984867096)
Away_W_Count_Home_Last10,(Away_W_Count_Home_Last10: 0.3636363744735718)
Away_W_Count_Home_Last15,(Away_W_Count_Home_Last15: 0.4000000059604645)
Away_W_Count_Home_Last3,(Away_W_Count_Home_Last3: 0.25)
Away_W_Count_Home_Last5,(Away_W_Count_Home_Last5: 0.3333333432674408)
Away_W_Count_Total_Last10,(Away_W_Count_Total_Last10: 0.11279214918613434)
Away_W_Count_Total_Last15,(Away_W_Count_Total_Last15: 0.13916164636611938)
Away_W_Count_Total_Last3,(Away_W_Count_Total_Last3: -0.15485601127147675)
Away_W_Count_Total_Last5,(Away_W_Count_Total_Last5: 0.0804738774895668)
B365<2.5,(B365<2.5: -1.0)
B365>2.5,(B365>2.5: -1.0)
B365A,(B365A: -1.0)
B365AHA,(B365AHA: -1.0)
B365AHH,(B365AHH: -1.0)
B365C<2.5,(B365C<2.5: -1.0)
B365C>2.5,(B365C>2.5: -1.0)
B365CA,(B365CA: -1.0)
B365CAHA,(B365CAHA: -1.0)
B365CAHH,(B365CAHH: -1.0)
B365CD,(B365CD: -1.0)
B365CH,(B365CH: -1.0)
B365D,(B365D: -1.0)
B365H,(B365H: -1.0)
BSA,(BSA: 0.0)
BSD,(BSD: 0.0)
BSH,(BSH: 0.0)
BWA,(BWA: -1.0)
BWCA,(BWCA: -1.0)
BWCD,(BWCD: -1.0)
BWCH,(BWCH: -1.0)
BWD,(BWD: -1.0)
BWH,(BWH: -1.0)
Bb1X2,(Bb1X2: 0.0)
BbAH,(BbAH: 0.0)
BbAHh,(BbAHh: 0.0)
BbAv<2.5,(BbAv<2.5: 0.0)
BbAv>2.5,(BbAv>2.5: 0.0)
BbAvA,(BbAvA: 0.0)
BbAvAHA,(BbAvAHA: 0.0)
BbAvAHH,(BbAvAHH: 0.0)
BbAvD,(BbAvD: 0.0)
BbAvH,(BbAvH: 0.0)
BbMx<2.5,(BbMx<2.5: 0.0)
BbMx>2.5,(BbMx>2.5: 0.0)
BbMxA,(BbMxA: 0.0)
BbMxAHA,(BbMxAHA: 0.0)
BbMxAHH,(BbMxAHH: 0.0)
BbMxD,(BbMxD: 0.0)
BbMxH,(BbMxH: 0.0)
BbOU,(BbOU: 0.0)
Country,(Country: Belgium)
Date,(Date: 2010-07-30 00:00:00)
FTAG,(FTAG: 1)
FTHG,(FTHG: 1)
FTR,(FTR: D)
GBA,(GBA: 4.117767333984375)
GBD,(GBD: 3.412606954574585)
GBH,(GBH: 2.338207721710205)
HTAG,(HTAG: 1)
HTHG,(HTHG: 0)
HTR,(HTR: A)
HomeBlockedShots,(HomeBlockedShots: 2.7687301340506565e-08)
HomeCorners,(HomeCorners: 1.5084584674696089e-06)
HomeExpectedGoals,(HomeExpectedGoals: 8.56970316931438e-09)
HomeFormation,(HomeFormation: nan)
HomeFouls,(HomeFouls: 12.104740142822266)
HomeOffsides,(HomeOffsides: 2.0186195373535156)
HomePassAccuracy,(HomePassAccuracy: 78.19124603271484)
HomePassesAccurate,(HomePassesAccurate: 7.535677326586665e-08)
HomePossession,(HomePossession: 51.00257110595703)
HomeRedCards,(HomeRedCards: 0.0)
HomeSaves,(HomeSaves: 2.7119388580322266)
HomeShots,(HomeShots: 1.6622618204564787e-05)
HomeShotsInsideBox,(HomeShotsInsideBox: 4.589893620732255e-08)
HomeShotsOffTarget,(HomeShotsOffTarget: 6.4337809817516245e-06)
HomeShotsOutsideBox,(HomeShotsOutsideBox: 2.2638566576915764e-08)
HomeShotsTarget,(HomeShotsTarget: 1.3198517081036698e-05)
HomeTeam,(HomeTeam: Standard Liege)
HomeTeamELO,(HomeTeamELO: 0.0)
HomeTeamID,(HomeTeamID: 733)
HomeTeamWinner,(HomeTeamWinner: <NA>)
HomeTotalPasses,(HomeTotalPasses: -5.621291165880393e-08)
HomeYellowCards,(HomeYellowCards: 0.20000000298023224)
Home_AvgBlockedShotsAgainst_Away_Last10,(Home_AvgBlockedShotsAgainst_Away_Last10: 4.0549421100877225e-05)
Home_AvgBlockedShotsAgainst_Away_Last15,(Home_AvgBlockedShotsAgainst_Away_Last15: 1.2689338291238528e-05)
Home_AvgBlockedShotsAgainst_Away_Last3,(Home_AvgBlockedShotsAgainst_Away_Last3: 4.071767762070522e-06)
Home_AvgBlockedShotsAgainst_Away_Last5,(Home_AvgBlockedShotsAgainst_Away_Last5: 1.332335727965983e-06)
Home_AvgBlockedShotsAgainst_Home_Last10,(Home_AvgBlockedShotsAgainst_Home_Last10: 4.068070120410994e-05)
Home_AvgBlockedShotsAgainst_Home_Last15,(Home_AvgBlockedShotsAgainst_Home_Last15: 4.9387224862584844e-05)
Home_AvgBlockedShotsAgainst_Home_Last3,(Home_AvgBlockedShotsAgainst_Home_Last3: -1.3911480891692918e-06)
Home_AvgBlockedShotsAgainst_Home_Last5,(Home_AvgBlockedShotsAgainst_Home_Last5: 1.0915903658315074e-05)
Home_AvgBlockedShotsAgainst_Total_Last10,(Home_AvgBlockedShotsAgainst_Total_Last10: 2.730474625423085e-05)
Home_AvgBlockedShotsAgainst_Total_Last15,(Home_AvgBlockedShotsAgainst_Total_Last15: 2.784624302876182e-05)
Home_AvgBlockedShotsAgainst_Total_Last3,(Home_AvgBlockedShotsAgainst_Total_Last3: -2.5850201836874476e-06)
Home_AvgBlockedShotsAgainst_Total_Last5,(Home_AvgBlockedShotsAgainst_Total_Last5: 3.9773600292392075e-05)
Home_AvgBlockedShotsFor_Away_Last10,(Home_AvgBlockedShotsFor_Away_Last10: 6.870285142213106e-05)
Home_AvgBlockedShotsFor_Away_Last15,(Home_AvgBlockedShotsFor_Away_Last15: 8.018712105695158e-05)
Home_AvgBlockedShotsFor_Away_Last3,(Home_AvgBlockedShotsFor_Away_Last3: 4.921915024169721e-05)
Home_AvgBlockedShotsFor_Away_Last5,(Home_AvgBlockedShotsFor_Away_Last5: 8.399858052143827e-05)
Home_AvgBlockedShotsFor_Home_Last10,(Home_AvgBlockedShotsFor_Home_Last10: 5.630080067930976e-06)
Home_AvgBlockedShotsFor_Home_Last15,(Home_AvgBlockedShotsFor_Home_Last15: 1.399103166477289e-05)
Home_AvgBlockedShotsFor_Home_Last3,(Home_AvgBlockedShotsFor_Home_Last3: 2.6804025765159167e-05)
Home_AvgBlockedShotsFor_Home_Last5,(Home_AvgBlockedShotsFor_Home_Last5: -1.820439319999423e-05)
Home_AvgBlockedShotsFor_Total_Last10,(Home_AvgBlockedShotsFor_Total_Last10: 1.306932153966045e-05)
Home_AvgBlockedShotsFor_Total_Last15,(Home_AvgBlockedShotsFor_Total_Last15: 2.239733839815017e-05)
Home_AvgBlockedShotsFor_Total_Last3,(Home_AvgBlockedShotsFor_Total_Last3: 2.5983430532505736e-05)
Home_AvgBlockedShotsFor_Total_Last5,(Home_AvgBlockedShotsFor_Total_Last5: 7.244260018524074e-07)
Home_AvgCornersAgainst_Away_Last10,(Home_AvgCornersAgainst_Away_Last10: -3.2927946449490264e-05)
Home_AvgCornersAgainst_Away_Last15,(Home_AvgCornersAgainst_Away_Last15: -2.313179174961988e-05)
Home_AvgCornersAgainst_Away_Last3,(Home_AvgCornersAgainst_Away_Last3: 1.776939825504087e-05)
Home_AvgCornersAgainst_Away_Last5,(Home_AvgCornersAgainst_Away_Last5: -1.9624530978035182e-05)
Home_AvgCornersAgainst_Home_Last10,(Home_AvgCornersAgainst_Home_Last10: 6.393226067302749e-05)
Home_AvgCornersAgainst_Home_Last15,(Home_AvgCornersAgainst_Home_Last15: 6.347274756990373e-05)
Home_AvgCornersAgainst_Home_Last3,(Home_AvgCornersAgainst_Home_Last3: 5.289648470352404e-05)
Home_AvgCornersAgainst_Home_Last5,(Home_AvgCornersAgainst_Home_Last5: 1.0287933946528938e-05)
Home_AvgCornersAgainst_Total_Last10,(Home_AvgCornersAgainst_Total_Last10: -4.4381949919625185e-06)
Home_AvgCornersAgainst_Total_Last15,(Home_AvgCornersAgainst_Total_Last15: 9.380787560075987e-06)
Home_AvgCornersAgainst_Total_Last3,(Home_AvgCornersAgainst_Total_Last3: 1.0122894309461117e-05)
Home_AvgCornersAgainst_Total_Last5,(Home_AvgCornersAgainst_Total_Last5: 3.9777154597686604e-05)
Home_AvgCornersFor_Away_Last10,(Home_AvgCornersFor_Away_Last10: 9.377781680086628e-05)
Home_AvgCornersFor_Away_Last15,(Home_AvgCornersFor_Away_Last15: 6.595044396817684e-05)
Home_AvgCornersFor_Away_Last3,(Home_AvgCornersFor_Away_Last3: 1.0054258382297121e-05)
Home_AvgCornersFor_Away_Last5,(Home_AvgCornersFor_Away_Last5: 2.5205474230460823e-05)
Home_AvgCornersFor_Home_Last10,(Home_AvgCornersFor_Home_Last10: 1.6674304788466543e-05)
Home_AvgCornersFor_Home_Last15,(Home_AvgCornersFor_Home_Last15: -5.042830707679968e-06)
Home_AvgCornersFor_Home_Last3,(Home_AvgCornersFor_Home_Last3: 1.1531393283803482e-05)
Home_AvgCornersFor_Home_Last5,(Home_AvgCornersFor_Home_Last5: 4.219114634906873e-05)
Home_AvgCornersFor_Total_Last10,(Home_AvgCornersFor_Total_Last10: 2.8713466235785745e-05)
Home_AvgCornersFor_Total_Last15,(Home_AvgCornersFor_Total_Last15: 6.210098945302889e-05)
Home_AvgCornersFor_Total_Last3,(Home_AvgCornersFor_Total_Last3: 4.307254130253568e-06)
Home_AvgCornersFor_Total_Last5,(Home_AvgCornersFor_Total_Last5: -1.3523316738428548e-05)
Home_AvgExpectedGoalsFor_Away_Last10,(Home_AvgExpectedGoalsFor_Away_Last10: 9.573522419259461e-09)
Home_AvgExpectedGoalsFor_Away_Last15,(Home_AvgExpectedGoalsFor_Away_Last15: 3.6569769434890986e-08)
Home_AvgExpectedGoalsFor_Away_Last3,(Home_AvgExpectedGoalsFor_Away_Last3: -2.2886736061877855e-08)
Home_AvgExpectedGoalsFor_Away_Last5,(Home_AvgExpectedGoalsFor_Away_Last5: 2.4333679959909205e-08)
Home_AvgExpectedGoalsFor_Home_Last10,(Home_AvgExpectedGoalsFor_Home_Last10: 1.428480572940316e-05)
Home_AvgExpectedGoalsFor_Home_Last15,(Home_AvgExpectedGoalsFor_Home_Last15: 1.473448719480075e-05)
Home_AvgExpectedGoalsFor_Home_Last3,(Home_AvgExpectedGoalsFor_Home_Last3: 1.1900126082764473e-05)
Home_AvgExpectedGoalsFor_Home_Last5,(Home_AvgExpectedGoalsFor_Home_Last5: 1.3022992789046839e-05)
Home_AvgExpectedGoalsFor_Total_Last10,(Home_AvgExpectedGoalsFor_Total_Last10: 7.308129625016591e-06)
Home_AvgExpectedGoalsFor_Total_Last15,(Home_AvgExpectedGoalsFor_Total_Last15: 7.622730208822759e-06)
Home_AvgExpectedGoalsFor_Total_Last3,(Home_AvgExpectedGoalsFor_Total_Last3: 6.11531459071557e-06)
Home_AvgExpectedGoalsFor_Total_Last5,(Home_AvgExpectedGoalsFor_Total_Last5: 6.522738658532035e-06)
Home_AvgFoulsAgainst_Away_Last10,(Home_AvgFoulsAgainst_Away_Last10: 12.071170806884766)
Home_AvgFoulsAgainst_Away_Last15,(Home_AvgFoulsAgainst_Away_Last15: 12.057619094848633)
Home_AvgFoulsAgainst_Away_Last3,(Home_AvgFoulsAgainst_Away_Last3: 12.090970993041992)
Home_AvgFoulsAgainst_Away_Last5,(Home_AvgFoulsAgainst_Away_Last5: 12.076948165893555)
Home_AvgFoulsAgainst_Home_Last10,(Home_AvgFoulsAgainst_Home_Last10: 12.295211791992188)
Home_AvgFoulsAgainst_Home_Last15,(Home_AvgFoulsAgainst_Home_Last15: 12.286564826965332)
Home_AvgFoulsAgainst_Home_Last3,(Home_AvgFoulsAgainst_Home_Last3: 12.290206909179688)
Home_AvgFoulsAgainst_Home_Last5,(Home_AvgFoulsAgainst_Home_Last5: 12.29273796081543)
Home_AvgFoulsAgainst_Total_Last10,(Home_AvgFoulsAgainst_Total_Last10: -4.229994010529481e-05)
Home_AvgFoulsAgainst_Total_Last15,(Home_AvgFoulsAgainst_Total_Last15: -4.184978024568409e-05)
Home_AvgFoulsAgainst_Total_Last3,(Home_AvgFoulsAgainst_Total_Last3: 1.3238619430921972e-05)
Home_AvgFoulsAgainst_Total_Last5,(Home_AvgFoulsAgainst_Total_Last5: 5.786123892903561e-06)
Home_AvgFoulsFor_Away_Last10,(Home_AvgFoulsFor_Away_Last10: 12.284834861755371)
Home_AvgFoulsFor_Away_Last15,(Home_AvgFoulsFor_Away_Last15: 12.271088600158691)
Home_AvgFoulsFor_Away_Last3,(Home_AvgFoulsFor_Away_Last3: 12.29337215423584)
Home_AvgFoulsFor_Away_Last5,(Home_AvgFoulsFor_Away_Last5: 12.28801155090332)
Home_AvgFoulsFor_Home_Last10,(Home_AvgFoulsFor_Home_Last10: 12.080273628234863)
Home_AvgFoulsFor_Home_Last15,(Home_AvgFoulsFor_Home_Last15: 12.06960678100586)
Home_AvgFoulsFor_Home_Last3,(Home_AvgFoulsFor_Home_Last3: 12.079936981201172)
Home_AvgFoulsFor_Home_Last5,(Home_AvgFoulsFor_Home_Last5: 12.078371047973633)
Home_AvgFoulsFor_Total_Last10,(Home_AvgFoulsFor_Total_Last10: -7.152516627684236e-05)
Home_AvgFoulsFor_Total_Last15,(Home_AvgFoulsFor_Total_Last15: -4.617107697413303e-05)
Home_AvgFoulsFor_Total_Last3,(Home_AvgFoulsFor_Total_Last3: -5.945771772530861e-05)
Home_AvgFoulsFor_Total_Last5,(Home_AvgFoulsFor_Total_Last5: -2.189300903410185e-05)
Home_AvgGoalsConceded_Away_Last10,(Home_AvgGoalsConceded_Away_Last10: 1.4950920343399048)
Home_AvgGoalsConceded_Away_Last15,(Home_AvgGoalsConceded_Away_Last15: 1.4937222003936768)
Home_AvgGoalsConceded_Away_Last3,(Home_AvgGoalsConceded_Away_Last3: 1.4993696212768555)
Home_AvgGoalsConceded_Away_Last5,(Home_AvgGoalsConceded_Away_Last5: 1.4984771013259888)
Home_AvgGoalsConceded_Home_Last10,(Home_AvgGoalsConceded_Home_Last10: 1.1916446685791016)
Home_AvgGoalsConceded_Home_Last15,(Home_AvgGoalsConceded_Home_Last15: 1.188926339149475)
Home_AvgGoalsConceded_Home_Last3,(Home_AvgGoalsConceded_Home_Last3: 1.195433497428894)
Home_AvgGoalsConceded_Home_Last5,(Home_AvgGoalsConceded_Home_Last5: 1.194459080696106)
Home_AvgGoalsConceded_Total_Last10,(Home_AvgGoalsConceded_Total_Last10: 8.009628800209612e-07)
Home_AvgGoalsConceded_Total_Last15,(Home_AvgGoalsConceded_Total_Last15: 7.654928595002275e-06)
Home_AvgGoalsConceded_Total_Last3,(Home_AvgGoalsConceded_Total_Last3: 3.6092122172703966e-05)
Home_AvgGoalsConceded_Total_Last5,(Home_AvgGoalsConceded_Total_Last5: -3.6990331864217296e-06)
Home_AvgGoalsScored_Away_Last10,(Home_AvgGoalsScored_Away_Last10: 1.2553718090057373)
Home_AvgGoalsScored_Away_Last15,(Home_AvgGoalsScored_Away_Last15: 1.2555718421936035)
Home_AvgGoalsScored_Away_Last3,(Home_AvgGoalsScored_Away_Last3: 1.2522449493408203)
Home_AvgGoalsScored_Away_Last5,(Home_AvgGoalsScored_Away_Last5: 1.2534209489822388)
Home_AvgGoalsScored_Home_Last10,(Home_AvgGoalsScored_Home_Last10: 1.5526340007781982)
Home_AvgGoalsScored_Home_Last15,(Home_AvgGoalsScored_Home_Last15: 1.5533905029296875)
Home_AvgGoalsScored_Home_Last3,(Home_AvgGoalsScored_Home_Last3: 1.548966646194458)
Home_AvgGoalsScored_Home_Last5,(Home_AvgGoalsScored_Home_Last5: 1.5499435663223267)
Home_AvgGoalsScored_Total_Last10,(Home_AvgGoalsScored_Total_Last10: 6.437662705138791e-07)
Home_AvgGoalsScored_Total_Last15,(Home_AvgGoalsScored_Total_Last15: 2.1381385522545315e-05)
Home_AvgGoalsScored_Total_Last3,(Home_AvgGoalsScored_Total_Last3: -7.036558235995471e-05)
Home_AvgGoalsScored_Total_Last5,(Home_AvgGoalsScored_Total_Last5: -1.3062685866316315e-05)
Home_AvgOffsidesAgainst_Away_Last10,(Home_AvgOffsidesAgainst_Away_Last10: 2.003277063369751)
Home_AvgOffsidesAgainst_Away_Last15,(Home_AvgOffsidesAgainst_Away_Last15: 2.010413885116577)
Home_AvgOffsidesAgainst_Away_Last3,(Home_AvgOffsidesAgainst_Away_Last3: 2.0039212703704834)
Home_AvgOffsidesAgainst_Away_Last5,(Home_AvgOffsidesAgainst_Away_Last5: 2.0001211166381836)
Home_AvgOffsidesAgainst_Home_Last10,(Home_AvgOffsidesAgainst_Home_Last10: 1.8738763332366943)
Home_AvgOffsidesAgainst_Home_Last15,(Home_AvgOffsidesAgainst_Home_Last15: 1.8816567659378052)
Home_AvgOffsidesAgainst_Home_Last3,(Home_AvgOffsidesAgainst_Home_Last3: 1.8621946573257446)
Home_AvgOffsidesAgainst_Home_Last5,(Home_AvgOffsidesAgainst_Home_Last5: 1.8664867877960205)
Home_AvgOffsidesAgainst_Total_Last10,(Home_AvgOffsidesAgainst_Total_Last10: -8.570816135033965e-05)
Home_AvgOffsidesAgainst_Total_Last15,(Home_AvgOffsidesAgainst_Total_Last15: -9.985394717659801e-05)
Home_AvgOffsidesAgainst_Total_Last3,(Home_AvgOffsidesAgainst_Total_Last3: -4.688236731453799e-05)
Home_AvgOffsidesAgainst_Total_Last5,(Home_AvgOffsidesAgainst_Total_Last5: -7.772249227855355e-05)
Home_AvgOffsidesFor_Away_Last10,(Home_AvgOffsidesFor_Away_Last10: 1.8773930072784424)
Home_AvgOffsidesFor_Away_Last15,(Home_AvgOffsidesFor_Away_Last15: 1.8814617395401)
Home_AvgOffsidesFor_Away_Last3,(Home_AvgOffsidesFor_Away_Last3: 1.8671625852584839)
Home_AvgOffsidesFor_Away_Last5,(Home_AvgOffsidesFor_Away_Last5: 1.8720873594284058)
Home_AvgOffsidesFor_Home_Last10,(Home_AvgOffsidesFor_Home_Last10: 2.0262858867645264)
Home_AvgOffsidesFor_Home_Last15,(Home_AvgOffsidesFor_Home_Last15: 2.0294876098632812)
Home_AvgOffsidesFor_Home_Last3,(Home_AvgOffsidesFor_Home_Last3: 2.02272891998291)
Home_AvgOffsidesFor_Home_Last5,(Home_AvgOffsidesFor_Home_Last5: 2.022789239883423)
Home_AvgOffsidesFor_Total_Last10,(Home_AvgOffsidesFor_Total_Last10: 1.549487205920741e-05)
Home_AvgOffsidesFor_Total_Last15,(Home_AvgOffsidesFor_Total_Last15: 7.43393502489198e-06)
Home_AvgOffsidesFor_Total_Last3,(Home_AvgOffsidesFor_Total_Last3: 5.165522452443838e-05)
Home_AvgOffsidesFor_Total_Last5,(Home_AvgOffsidesFor_Total_Last5: 4.050368443131447e-05)
Home_AvgPassAccuracyAgainst_Away_Last10,(Home_AvgPassAccuracyAgainst_Away_Last10: 78.13468933105469)
Home_AvgPassAccuracyAgainst_Away_Last15,(Home_AvgPassAccuracyAgainst_Away_Last15: 78.10359954833984)
Home_AvgPassAccuracyAgainst_Away_Last3,(Home_AvgPassAccuracyAgainst_Away_Last3: 78.16761016845703)
Home_AvgPassAccuracyAgainst_Away_Last5,(Home_AvgPassAccuracyAgainst_Away_Last5: 78.16129302978516)
Home_AvgPassAccuracyAgainst_Home_Last10,(Home_AvgPassAccuracyAgainst_Home_Last10: 77.02674865722656)
Home_AvgPassAccuracyAgainst_Home_Last15,(Home_AvgPassAccuracyAgainst_Home_Last15: 76.98515319824219)
Home_AvgPassAccuracyAgainst_Home_Last3,(Home_AvgPassAccuracyAgainst_Home_Last3: 77.04421997070312)
Home_AvgPassAccuracyAgainst_Home_Last5,(Home_AvgPassAccuracyAgainst_Home_Last5: 77.0434799194336)
Home_AvgPassAccuracyAgainst_Total_Last10,(Home_AvgPassAccuracyAgainst_Total_Last10: -1.966548734344542e-05)
Home_AvgPassAccuracyAgainst_Total_Last15,(Home_AvgPassAccuracyAgainst_Total_Last15: -3.0430599508690648e-05)
Home_AvgPassAccuracyAgainst_Total_Last3,(Home_AvgPassAccuracyAgainst_Total_Last3: -4.530820297077298e-05)
Home_AvgPassAccuracyAgainst_Total_Last5,(Home_AvgPassAccuracyAgainst_Total_Last5: -2.3542501367046498e-05)
Home_AvgPassAccuracyFor_Away_Last10,(Home_AvgPassAccuracyFor_Away_Last10: 76.96297454833984)
Home_AvgPassAccuracyFor_Away_Last15,(Home_AvgPassAccuracyFor_Away_Last15: 76.87655639648438)
Home_AvgPassAccuracyFor_Away_Last3,(Home_AvgPassAccuracyFor_Away_Last3: 77.07535552978516)
Home_AvgPassAccuracyFor_Away_Last5,(Home_AvgPassAccuracyFor_Away_Last5: 77.05799102783203)
Home_AvgPassAccuracyFor_Home_Last10,(Home_AvgPassAccuracyFor_Home_Last10: 78.02816009521484)
Home_AvgPassAccuracyFor_Home_Last15,(Home_AvgPassAccuracyFor_Home_Last15: 77.93389129638672)
Home_AvgPassAccuracyFor_Home_Last3,(Home_AvgPassAccuracyFor_Home_Last3: 78.2100830078125)
Home_AvgPassAccuracyFor_Home_Last5,(Home_AvgPassAccuracyFor_Home_Last5: 78.14849090576172)
Home_AvgPassAccuracyFor_Total_Last10,(Home_AvgPassAccuracyFor_Total_Last10: -7.856873708078638e-05)
Home_AvgPassAccuracyFor_Total_Last15,(Home_AvgPassAccuracyFor_Total_Last15: -9.046628838405013e-05)
Home_AvgPassAccuracyFor_Total_Last3,(Home_AvgPassAccuracyFor_Total_Last3: 1.8587948943604715e-05)
Home_AvgPassAccuracyFor_Total_Last5,(Home_AvgPassAccuracyFor_Total_Last5: -4.857776366407052e-05)
Home_AvgPassesAccurateAgainst_Away_Last10,(Home_AvgPassesAccurateAgainst_Away_Last10: -5.268744644126855e-05)
Home_AvgPassesAccurateAgainst_Away_Last15,(Home_AvgPassesAccurateAgainst_Away_Last15: -5.0073478632839397e-05)
Home_AvgPassesAccurateAgainst_Away_Last3,(Home_AvgPassesAccurateAgainst_Away_Last3: 1.2568693819048349e-06)
Home_AvgPassesAccurateAgainst_Away_Last5,(Home_AvgPassesAccurateAgainst_Away_Last5: 2.1545685740420595e-05)
Home_AvgPassesAccurateAgainst_Home_Last10,(Home_AvgPassesAccurateAgainst_Home_Last10: 1.54195095092291e-05)
Home_AvgPassesAccurateAgainst_Home_Last15,(Home_AvgPassesAccurateAgainst_Home_Last15: 4.219964012008859e-06)
Home_AvgPassesAccurateAgainst_Home_Last3,(Home_AvgPassesAccurateAgainst_Home_Last3: 6.607939576497301e-05)
Home_AvgPassesAccurateAgainst_Home_Last5,(Home_AvgPassesAccurateAgainst_Home_Last5: 3.266274507041089e-05)
Home_AvgPassesAccurateAgainst_Total_Last10,(Home_AvgPassesAccurateAgainst_Total_Last10: 3.4812677768059075e-05)
Home_AvgPassesAccurateAgainst_Total_Last15,(Home_AvgPassesAccurateAgainst_Total_Last15: 1.5202188478724565e-05)
Home_AvgPassesAccurateAgainst_Total_Last3,(Home_AvgPassesAccurateAgainst_Total_Last3: -2.139106254617218e-05)
Home_AvgPassesAccurateAgainst_Total_Last5,(Home_AvgPassesAccurateAgainst_Total_Last5: 2.6369505576440133e-05)
Home_AvgPassesAccurateFor_Away_Last10,(Home_AvgPassesAccurateFor_Away_Last10: -6.194639718160033e-05)
Home_AvgPassesAccurateFor_Away_Last15,(Home_AvgPassesAccurateFor_Away_Last15: -5.9699101257137954e-05)
Home_AvgPassesAccurateFor_Away_Last3,(Home_AvgPassesAccurateFor_Away_Last3: -2.6004949177149683e-05)
Home_AvgPassesAccurateFor_Away_Last5,(Home_AvgPassesAccurateFor_Away_Last5: -4.306853952584788e-05)
Home_AvgPassesAccurateFor_Home_Last10,(Home_AvgPassesAccurateFor_Home_Last10: -6.917474820511416e-05)
Home_AvgPassesAccurateFor_Home_Last15,(Home_AvgPassesAccurateFor_Home_Last15: -7.527499838033691e-05)
Home_AvgPassesAccurateFor_Home_Last3,(Home_AvgPassesAccurateFor_Home_Last3: -1.0106461559189484e-05)
Home_AvgPassesAccurateFor_Home_Last5,(Home_AvgPassesAccurateFor_Home_Last5: -2.7720005164155737e-05)
Home_AvgPassesAccurateFor_Total_Last10,(Home_AvgPassesAccurateFor_Total_Last10: -4.943680323776789e-05)
Home_AvgPassesAccurateFor_Total_Last15,(Home_AvgPassesAccurateFor_Total_Last15: -6.37113771517761e-05)
Home_AvgPassesAccurateFor_Total_Last3,(Home_AvgPassesAccurateFor_Total_Last3: 3.8313137338263914e-05)
Home_AvgPassesAccurateFor_Total_Last5,(Home_AvgPassesAccurateFor_Total_Last5: -2.7588570446823724e-05)
Home_AvgPossessionAgainst_Away_Last10,(Home_AvgPossessionAgainst_Away_Last10: 51.060340881347656)
Home_AvgPossessionAgainst_Away_Last15,(Home_AvgPossessionAgainst_Away_Last15: 51.0765495300293)
Home_AvgPossessionAgainst_Away_Last3,(Home_AvgPossessionAgainst_Away_Last3: 51.00967788696289)
Home_AvgPossessionAgainst_Away_Last5,(Home_AvgPossessionAgainst_Away_Last5: 51.0185432434082)
Home_AvgPossessionAgainst_Home_Last10,(Home_AvgPossessionAgainst_Home_Last10: 48.99056625366211)
Home_AvgPossessionAgainst_Home_Last15,(Home_AvgPossessionAgainst_Home_Last15: 49.00657272338867)
Home_AvgPossessionAgainst_Home_Last3,(Home_AvgPossessionAgainst_Home_Last3: 48.90480041503906)
Home_AvgPossessionAgainst_Home_Last5,(Home_AvgPossessionAgainst_Home_Last5: 48.94221496582031)
Home_AvgPossessionAgainst_Total_Last10,(Home_AvgPossessionAgainst_Total_Last10: 3.640499562607147e-05)
Home_AvgPossessionAgainst_Total_Last15,(Home_AvgPossessionAgainst_Total_Last15: 3.211176590411924e-05)
Home_AvgPossessionAgainst_Total_Last3,(Home_AvgPossessionAgainst_Total_Last3: -3.1156319892033935e-05)
Home_AvgPossessionAgainst_Total_Last5,(Home_AvgPossessionAgainst_Total_Last5: 3.3090200304286554e-05)
Home_AvgPossessionFor_Away_Last10,(Home_AvgPossessionFor_Away_Last10: 48.939659118652344)
Home_AvgPossessionFor_Away_Last15,(Home_AvgPossessionFor_Away_Last15: 48.9234504699707)
Home_AvgPossessionFor_Away_Last3,(Home_AvgPossessionFor_Away_Last3: 48.99032211303711)
Home_AvgPossessionFor_Away_Last5,(Home_AvgPossessionFor_Away_Last5: 48.9814567565918)
Home_AvgPossessionFor_Home_Last10,(Home_AvgPossessionFor_Home_Last10: 51.00943374633789)
Home_AvgPossessionFor_Home_Last15,(Home_AvgPossessionFor_Home_Last15: 50.99342727661133)
Home_AvgPossessionFor_Home_Last3,(Home_AvgPossessionFor_Home_Last3: 51.09519958496094)
Home_AvgPossessionFor_Home_Last5,(Home_AvgPossessionFor_Home_Last5: 51.05778503417969)
Home_AvgPossessionFor_Total_Last10,(Home_AvgPossessionFor_Total_Last10: -3.640503928181715e-05)
Home_AvgPossessionFor_Total_Last15,(Home_AvgPossessionFor_Total_Last15: -3.211219154763967e-05)
Home_AvgPossessionFor_Total_Last3,(Home_AvgPossessionFor_Total_Last3: 3.115543950116262e-05)
Home_AvgPossessionFor_Total_Last5,(Home_AvgPossessionFor_Total_Last5: -3.308968371129595e-05)
Home_AvgRedCardsAgainst_Away_Last10,(Home_AvgRedCardsAgainst_Away_Last10: 0.0)
Home_AvgRedCardsAgainst_Away_Last15,(Home_AvgRedCardsAgainst_Away_Last15: 0.0)
Home_AvgRedCardsAgainst_Away_Last3,(Home_AvgRedCardsAgainst_Away_Last3: 0.0)
Home_AvgRedCardsAgainst_Away_Last5,(Home_AvgRedCardsAgainst_Away_Last5: 0.0)
Home_AvgRedCardsAgainst_Home_Last10,(Home_AvgRedCardsAgainst_Home_Last10: 0.0)
Home_AvgRedCardsAgainst_Home_Last15,(Home_AvgRedCardsAgainst_Home_Last15: 0.0)
Home_AvgRedCardsAgainst_Home_Last3,(Home_AvgRedCardsAgainst_Home_Last3: 0.0)
Home_AvgRedCardsAgainst_Home_Last5,(Home_AvgRedCardsAgainst_Home_Last5: 0.0)
Home_AvgRedCardsAgainst_Total_Last10,(Home_AvgRedCardsAgainst_Total_Last10: -0.39689983870721274)
Home_AvgRedCardsAgainst_Total_Last15,(Home_AvgRedCardsAgainst_Total_Last15: -0.42519902269870574)
Home_AvgRedCardsAgainst_Total_Last3,(Home_AvgRedCardsAgainst_Total_Last3: -0.29976048702810704)
Home_AvgRedCardsAgainst_Total_Last5,(Home_AvgRedCardsAgainst_Total_Last5: -0.34100904155314005)
Home_AvgRedCardsFor_Away_Last10,(Home_AvgRedCardsFor_Away_Last10: 0.0)
Home_AvgRedCardsFor_Away_Last15,(Home_AvgRedCardsFor_Away_Last15: 0.0)
Home_AvgRedCardsFor_Away_Last3,(Home_AvgRedCardsFor_Away_Last3: 0.0)
Home_AvgRedCardsFor_Away_Last5,(Home_AvgRedCardsFor_Away_Last5: 0.0)
Home_AvgRedCardsFor_Home_Last10,(Home_AvgRedCardsFor_Home_Last10: 0.0)
Home_AvgRedCardsFor_Home_Last15,(Home_AvgRedCardsFor_Home_Last15: 0.0)
Home_AvgRedCardsFor_Home_Last3,(Home_AvgRedCardsFor_Home_Last3: 0.0)
Home_AvgRedCardsFor_Home_Last5,(Home_AvgRedCardsFor_Home_Last5: 0.0)
Home_AvgRedCardsFor_Total_Last10,(Home_AvgRedCardsFor_Total_Last10: -0.3960355038293649)
Home_AvgRedCardsFor_Total_Last15,(Home_AvgRedCardsFor_Total_Last15: -0.42293251465820353)
Home_AvgRedCardsFor_Total_Last3,(Home_AvgRedCardsFor_Total_Last3: -0.29876999779049934)
Home_AvgRedCardsFor_Total_Last5,(Home_AvgRedCardsFor_Total_Last5: -0.33978841128070286)
Home_AvgSavesAgainst_Away_Last10,(Home_AvgSavesAgainst_Away_Last10: 2.71284556388855)
Home_AvgSavesAgainst_Away_Last15,(Home_AvgSavesAgainst_Away_Last15: 2.7126147747039795)
Home_AvgSavesAgainst_Away_Last3,(Home_AvgSavesAgainst_Away_Last3: 2.715501546859741)
Home_AvgSavesAgainst_Away_Last5,(Home_AvgSavesAgainst_Away_Last5: 2.714805841445923)
Home_AvgSavesAgainst_Home_Last10,(Home_AvgSavesAgainst_Home_Last10: 3.2244081497192383)
Home_AvgSavesAgainst_Home_Last15,(Home_AvgSavesAgainst_Home_Last15: 3.2231087684631348)
Home_AvgSavesAgainst_Home_Last3,(Home_AvgSavesAgainst_Home_Last3: 3.2243757247924805)
Home_AvgSavesAgainst_Home_Last5,(Home_AvgSavesAgainst_Home_Last5: 3.2253339290618896)
Home_AvgSavesAgainst_Total_Last10,(Home_AvgSavesAgainst_Total_Last10: 4.1532617615303025e-05)
Home_AvgSavesAgainst_Total_Last15,(Home_AvgSavesAgainst_Total_Last15: 3.0609877285314724e-05)
Home_AvgSavesAgainst_Total_Last3,(Home_AvgSavesAgainst_Total_Last3: -2.785338438116014e-05)
Home_AvgSavesAgainst_Total_Last5,(Home_AvgSavesAgainst_Total_Last5: 3.751457916223444e-05)
Home_AvgSavesFor_Away_Last10,(Home_AvgSavesFor_Away_Last10: 3.215902090072632)
Home_AvgSavesFor_Away_Last15,(Home_AvgSavesFor_Away_Last15: 3.2183384895324707)
Home_AvgSavesFor_Away_Last3,(Home_AvgSavesFor_Away_Last3: 3.209773302078247)
Home_AvgSavesFor_Away_Last5,(Home_AvgSavesFor_Away_Last5: 3.213942766189575)
Home_AvgSavesFor_Home_Last10,(Home_AvgSavesFor_Home_Last10: 2.7140204906463623)
Home_AvgSavesFor_Home_Last15,(Home_AvgSavesFor_Home_Last15: 2.716181993484497)
Home_AvgSavesFor_Home_Last3,(Home_AvgSavesFor_Home_Last3: 2.7066798210144043)
Home_AvgSavesFor_Home_Last5,(Home_AvgSavesFor_Home_Last5: 2.709160089492798)
Home_AvgSavesFor_Total_Last10,(Home_AvgSavesFor_Total_Last10: 5.8761761465575546e-05)
Home_AvgSavesFor_Total_Last15,(Home_AvgSavesFor_Total_Last15: 3.9921469578985125e-05)
Home_AvgSavesFor_Total_Last3,(Home_AvgSavesFor_Total_Last3: -0.00012427846377249807)
Home_AvgSavesFor_Total_Last5,(Home_AvgSavesFor_Total_Last5: -4.5887478336226195e-05)
Home_AvgShotsAgainst_Away_Last10,(Home_AvgShotsAgainst_Away_Last10: -1.3130457773513626e-05)
Home_AvgShotsAgainst_Away_Last15,(Home_AvgShotsAgainst_Away_Last15: -1.7600657884031534e-05)
Home_AvgShotsAgainst_Away_Last3,(Home_AvgShotsAgainst_Away_Last3: -5.214360498939641e-05)
Home_AvgShotsAgainst_Away_Last5,(Home_AvgShotsAgainst_Away_Last5: -2.3668704670853913e-05)
Home_AvgShotsAgainst_Home_Last10,(Home_AvgShotsAgainst_Home_Last10: 7.788207767589483e-06)
Home_AvgShotsAgainst_Home_Last15,(Home_AvgShotsAgainst_Home_Last15: -7.07464187144069e-06)
Home_AvgShotsAgainst_Home_Last3,(Home_AvgShotsAgainst_Home_Last3: -5.244568455964327e-05)
Home_AvgShotsAgainst_Home_Last5,(Home_AvgShotsAgainst_Home_Last5: -1.2867944860772695e-05)
Home_AvgShotsAgainst_Total_Last10,(Home_AvgShotsAgainst_Total_Last10: 7.169542755036673e-07)
Home_AvgShotsAgainst_Total_Last15,(Home_AvgShotsAgainst_Total_Last15: -2.722428916968056e-06)
Home_AvgShotsAgainst_Total_Last3,(Home_AvgShotsAgainst_Total_Last3: -5.989542114548385e-05)
Home_AvgShotsAgainst_Total_Last5,(Home_AvgShotsAgainst_Total_Last5: -3.6690005799755454e-05)
Home_AvgShotsFor_Away_Last10,(Home_AvgShotsFor_Away_Last10: 6.915906124049798e-05)
Home_AvgShotsFor_Away_Last15,(Home_AvgShotsFor_Away_Last15: 4.640808401745744e-05)
Home_AvgShotsFor_Away_Last3,(Home_AvgShotsFor_Away_Last3: 4.929342321702279e-05)
Home_AvgShotsFor_Away_Last5,(Home_AvgShotsFor_Away_Last5: 3.25904184137471e-05)
Home_AvgShotsFor_Home_Last10,(Home_AvgShotsFor_Home_Last10: -4.75383876619162e-06)
Home_AvgShotsFor_Home_Last15,(Home_AvgShotsFor_Home_Last15: -1.241916834260337e-06)
Home_AvgShotsFor_Home_Last3,(Home_AvgShotsFor_Home_Last3: 1.705642534943763e-05)
Home_AvgShotsFor_Home_Last5,(Home_AvgShotsFor_Home_Last5: 2.5876774088828824e-05)
Home_AvgShotsFor_Total_Last10,(Home_AvgShotsFor_Total_Last10: 1.0718104931584094e-05)
Home_AvgShotsFor_Total_Last15,(Home_AvgShotsFor_Total_Last15: 9.090608728001826e-06)
Home_AvgShotsFor_Total_Last3,(Home_AvgShotsFor_Total_Last3: 1.8539487427915446e-05)
Home_AvgShotsFor_Total_Last5,(Home_AvgShotsFor_Total_Last5: 1.4381153960130177e-05)
Home_AvgShotsInsideBoxAgainst_Away_Last10,(Home_AvgShotsInsideBoxAgainst_Away_Last10: 1.0968812603096012e-05)
Home_AvgShotsInsideBoxAgainst_Away_Last15,(Home_AvgShotsInsideBoxAgainst_Away_Last15: 6.1719570112472866e-06)
Home_AvgShotsInsideBoxAgainst_Away_Last3,(Home_AvgShotsInsideBoxAgainst_Away_Last3: -1.9169085135217756e-05)
Home_AvgShotsInsideBoxAgainst_Away_Last5,(Home_AvgShotsInsideBoxAgainst_Away_Last5: -1.3357454918150324e-05)
Home_AvgShotsInsideBoxAgainst_Home_Last10,(Home_AvgShotsInsideBoxAgainst_Home_Last10: 3.994838334619999e-05)
Home_AvgShotsInsideBoxAgainst_Home_Last15,(Home_AvgShotsInsideBoxAgainst_Home_Last15: 2.218485860794317e-05)
Home_AvgShotsInsideBoxAgainst_Home_Last3,(Home_AvgShotsInsideBoxAgainst_Home_Last3: -6.528072117362171e-05)
Home_AvgShotsInsideBoxAgainst_Home_Last5,(Home_AvgShotsInsideBoxAgainst_Home_Last5: -2.563494717833237e-06)
Home_AvgShotsInsideBoxAgainst_Total_Last10,(Home_AvgShotsInsideBoxAgainst_Total_Last10: 1.6842044715303928e-05)
Home_AvgShotsInsideBoxAgainst_Total_Last15,(Home_AvgShotsInsideBoxAgainst_Total_Last15: 2.632735231600236e-05)
Home_AvgShotsInsideBoxAgainst_Total_Last3,(Home_AvgShotsInsideBoxAgainst_Total_Last3: -0.00010060907516162843)
Home_AvgShotsInsideBoxAgainst_Total_Last5,(Home_AvgShotsInsideBoxAgainst_Total_Last5: -4.044147863169201e-05)
Home_AvgShotsInsideBoxFor_Away_Last10,(Home_AvgShotsInsideBoxFor_Away_Last10: 0.00011554043885553256)
Home_AvgShotsInsideBoxFor_Away_Last15,(Home_AvgShotsInsideBoxFor_Away_Last15: 7.158857624744996e-05)
Home_AvgShotsInsideBoxFor_Away_Last3,(Home_AvgShotsInsideBoxFor_Away_Last3: 8.376083133043721e-05)
Home_AvgShotsInsideBoxFor_Away_Last5,(Home_AvgShotsInsideBoxFor_Away_Last5: 6.247490819077939e-05)
Home_AvgShotsInsideBoxFor_Home_Last10,(Home_AvgShotsInsideBoxFor_Home_Last10: -2.5749446649570018e-05)
Home_AvgShotsInsideBoxFor_Home_Last15,(Home_AvgShotsInsideBoxFor_Home_Last15: -1.196642369905021e-05)
Home_AvgShotsInsideBoxFor_Home_Last3,(Home_AvgShotsInsideBoxFor_Home_Last3: 5.47368699699291e-06)
Home_AvgShotsInsideBoxFor_Home_Last5,(Home_AvgShotsInsideBoxFor_Home_Last5: -8.852182872942649e-06)
Home_AvgShotsInsideBoxFor_Total_Last10,(Home_AvgShotsInsideBoxFor_Total_Last10: 5.510285518539604e-06)
Home_AvgShotsInsideBoxFor_Total_Last15,(Home_AvgShotsInsideBoxFor_Total_Last15: 1.2306216376600787e-05)
Home_AvgShotsInsideBoxFor_Total_Last3,(Home_AvgShotsInsideBoxFor_Total_Last3: 7.311527588171884e-05)
Home_AvgShotsInsideBoxFor_Total_Last5,(Home_AvgShotsInsideBoxFor_Total_Last5: 4.2411287722643465e-05)
Home_AvgShotsOffTargetAgainst_Away_Last10,(Home_AvgShotsOffTargetAgainst_Away_Last10: 2.0977879103156738e-05)
Home_AvgShotsOffTargetAgainst_Away_Last15,(Home_AvgShotsOffTargetAgainst_Away_Last15: 1.530039844510611e-05)
Home_AvgShotsOffTargetAgainst_Away_Last3,(Home_AvgShotsOffTargetAgainst_Away_Last3: -1.4430682313104626e-05)
Home_AvgShotsOffTargetAgainst_Away_Last5,(Home_AvgShotsOffTargetAgainst_Away_Last5: -4.369627731648507e-06)
Home_AvgShotsOffTargetAgainst_Home_Last10,(Home_AvgShotsOffTargetAgainst_Home_Last10: 8.86251370957325e-07)
Home_AvgShotsOffTargetAgainst_Home_Last15,(Home_AvgShotsOffTargetAgainst_Home_Last15: -2.3773061911924742e-05)
Home_AvgShotsOffTargetAgainst_Home_Last3,(Home_AvgShotsOffTargetAgainst_Home_Last3: -8.362625521840528e-05)
Home_AvgShotsOffTargetAgainst_Home_Last5,(Home_AvgShotsOffTargetAgainst_Home_Last5: -4.981434176443145e-05)
Home_AvgShotsOffTargetAgainst_Total_Last10,(Home_AvgShotsOffTargetAgainst_Total_Last10: -1.433723809896037e-05)
Home_AvgShotsOffTargetAgainst_Total_Last15,(Home_AvgShotsOffTargetAgainst_Total_Last15: -7.877186362748034e-06)
Home_AvgShotsOffTargetAgainst_Total_Last3,(Home_AvgShotsOffTargetAgainst_Total_Last3: -1.4645203009422403e-05)
Home_AvgShotsOffTargetAgainst_Total_Last5,(Home_AvgShotsOffTargetAgainst_Total_Last5: -3.5481734812492505e-05)
Home_AvgShotsOffTargetFor_Away_Last10,(Home_AvgShotsOffTargetFor_Away_Last10: 6.960952305234969e-05)
Home_AvgShotsOffTargetFor_Away_Last15,(Home_AvgShotsOffTargetFor_Away_Last15: 7.115992775652558e-05)
Home_AvgShotsOffTargetFor_Away_Last3,(Home_AvgShotsOffTargetFor_Away_Last3: 6.089025555411354e-05)
Home_AvgShotsOffTargetFor_Away_Last5,(Home_AvgShotsOffTargetFor_Away_Last5: 9.828048632698483e-07)
Home_AvgShotsOffTargetFor_Home_Last10,(Home_AvgShotsOffTargetFor_Home_Last10: -1.0815204404934775e-05)
Home_AvgShotsOffTargetFor_Home_Last15,(Home_AvgShotsOffTargetFor_Home_Last15: -1.3121189113007858e-05)
Home_AvgShotsOffTargetFor_Home_Last3,(Home_AvgShotsOffTargetFor_Home_Last3: 1.7222545238837483e-06)
Home_AvgShotsOffTargetFor_Home_Last5,(Home_AvgShotsOffTargetFor_Home_Last5: 3.342389754834585e-05)
Home_AvgShotsOffTargetFor_Total_Last10,(Home_AvgShotsOffTargetFor_Total_Last10: 1.963607246580068e-05)
Home_AvgShotsOffTargetFor_Total_Last15,(Home_AvgShotsOffTargetFor_Total_Last15: 1.5632145732524805e-05)
Home_AvgShotsOffTargetFor_Total_Last3,(Home_AvgShotsOffTargetFor_Total_Last3: 3.982968701166101e-05)
Home_AvgShotsOffTargetFor_Total_Last5,(Home_AvgShotsOffTargetFor_Total_Last5: 1.8292061213287525e-05)
Home_AvgShotsOutsideBoxAgainst_Away_Last10,(Home_AvgShotsOutsideBoxAgainst_Away_Last10: 4.918837294098921e-05)
Home_AvgShotsOutsideBoxAgainst_Away_Last15,(Home_AvgShotsOutsideBoxAgainst_Away_Last15: 6.142901111161336e-05)
Home_AvgShotsOutsideBoxAgainst_Away_Last3,(Home_AvgShotsOutsideBoxAgainst_Away_Last3: -1.8143944544135593e-05)
Home_AvgShotsOutsideBoxAgainst_Away_Last5,(Home_AvgShotsOutsideBoxAgainst_Away_Last5: 3.809918780461885e-05)
Home_AvgShotsOutsideBoxAgainst_Home_Last10,(Home_AvgShotsOutsideBoxAgainst_Home_Last10: 6.465745536843315e-05)
Home_AvgShotsOutsideBoxAgainst_Home_Last15,(Home_AvgShotsOutsideBoxAgainst_Home_Last15: 6.472149107139558e-05)
Home_AvgShotsOutsideBoxAgainst_Home_Last3,(Home_AvgShotsOutsideBoxAgainst_Home_Last3: 5.7791752624325454e-05)
Home_AvgShotsOutsideBoxAgainst_Home_Last5,(Home_AvgShotsOutsideBoxAgainst_Home_Last5: 6.016187398927286e-05)
Home_AvgShotsOutsideBoxAgainst_Total_Last10,(Home_AvgShotsOutsideBoxAgainst_Total_Last10: 8.001931564649567e-05)
Home_AvgShotsOutsideBoxAgainst_Total_Last15,(Home_AvgShotsOutsideBoxAgainst_Total_Last15: 6.836884131189436e-05)
Home_AvgShotsOutsideBoxAgainst_Total_Last3,(Home_AvgShotsOutsideBoxAgainst_Total_Last3: 3.899869989254512e-05)
Home_AvgShotsOutsideBoxAgainst_Total_Last5,(Home_AvgShotsOutsideBoxAgainst_Total_Last5: 5.181981759960763e-05)
Home_AvgShotsOutsideBoxFor_Away_Last10,(Home_AvgShotsOutsideBoxFor_Away_Last10: 2.3941949621075764e-05)
Home_AvgShotsOutsideBoxFor_Away_Last15,(Home_AvgShotsOutsideBoxFor_Away_Last15: 4.269362034392543e-05)
Home_AvgShotsOutsideBoxFor_Away_Last3,(Home_AvgShotsOutsideBoxFor_Away_Last3: -1.4793748960073572e-05)
Home_AvgShotsOutsideBoxFor_Away_Last5,(Home_AvgShotsOutsideBoxFor_Away_Last5: -2.9716029530391097e-06)
Home_AvgShotsOutsideBoxFor_Home_Last10,(Home_AvgShotsOutsideBoxFor_Home_Last10: 8.306431118398905e-05)
Home_AvgShotsOutsideBoxFor_Home_Last15,(Home_AvgShotsOutsideBoxFor_Home_Last15: 7.411729893647134e-05)
Home_AvgShotsOutsideBoxFor_Home_Last3,(Home_AvgShotsOutsideBoxFor_Home_Last3: 5.5013639212120324e-05)
Home_AvgShotsOutsideBoxFor_Home_Last5,(Home_AvgShotsOutsideBoxFor_Home_Last5: 0.00010969743743771687)
Home_AvgShotsOutsideBoxFor_Total_Last10,(Home_AvgShotsOutsideBoxFor_Total_Last10: 5.427450378192589e-05)
Home_AvgShotsOutsideBoxFor_Total_Last15,(Home_AvgShotsOutsideBoxFor_Total_Last15: 4.651829294743948e-05)
Home_AvgShotsOutsideBoxFor_Total_Last3,(Home_AvgShotsOutsideBoxFor_Total_Last3: -3.879167707054876e-05)
Home_AvgShotsOutsideBoxFor_Total_Last5,(Home_AvgShotsOutsideBoxFor_Total_Last5: -3.12779070554825e-06)
Home_AvgShotsTargetAgainst_Away_Last10,(Home_AvgShotsTargetAgainst_Away_Last10: -2.7655927624437027e-05)
Home_AvgShotsTargetAgainst_Away_Last15,(Home_AvgShotsTargetAgainst_Away_Last15: 1.994320228959623e-07)
Home_AvgShotsTargetAgainst_Away_Last3,(Home_AvgShotsTargetAgainst_Away_Last3: -6.687984568998218e-05)
Home_AvgShotsTargetAgainst_Away_Last5,(Home_AvgShotsTargetAgainst_Away_Last5: -3.850525445159292e-06)
Home_AvgShotsTargetAgainst_Home_Last10,(Home_AvgShotsTargetAgainst_Home_Last10: 3.3791227906476706e-05)
Home_AvgShotsTargetAgainst_Home_Last15,(Home_AvgShotsTargetAgainst_Home_Last15: 2.489394864824135e-05)
Home_AvgShotsTargetAgainst_Home_Last3,(Home_AvgShotsTargetAgainst_Home_Last3: 7.2890006777015515e-06)
Home_AvgShotsTargetAgainst_Home_Last5,(Home_AvgShotsTargetAgainst_Home_Last5: 5.330322528607212e-05)
Home_AvgShotsTargetAgainst_Total_Last10,(Home_AvgShotsTargetAgainst_Total_Last10: 4.85160926473327e-05)
Home_AvgShotsTargetAgainst_Total_Last15,(Home_AvgShotsTargetAgainst_Total_Last15: 3.821912832790986e-05)
Home_AvgShotsTargetAgainst_Total_Last3,(Home_AvgShotsTargetAgainst_Total_Last3: -8.581088331993669e-05)
Home_AvgShotsTargetAgainst_Total_Last5,(Home_AvgShotsTargetAgainst_Total_Last5: -3.656421904452145e-05)
Home_AvgShotsTargetFor_Away_Last10,(Home_AvgShotsTargetFor_Away_Last10: 8.533076470484957e-05)
Home_AvgShotsTargetFor_Away_Last15,(Home_AvgShotsTargetFor_Away_Last15: 3.401031790417619e-05)
Home_AvgShotsTargetFor_Away_Last3,(Home_AvgShotsTargetFor_Away_Last3: 3.62892824341543e-05)
Home_AvgShotsTargetFor_Away_Last5,(Home_AvgShotsTargetFor_Away_Last5: 4.514068496064283e-05)
Home_AvgShotsTargetFor_Home_Last10,(Home_AvgShotsTargetFor_Home_Last10: 3.842228397843428e-05)
Home_AvgShotsTargetFor_Home_Last15,(Home_AvgShotsTargetFor_Home_Last15: 5.161807348486036e-05)
Home_AvgShotsTargetFor_Home_Last3,(Home_AvgShotsTargetFor_Home_Last3: 4.848973185289651e-05)
Home_AvgShotsTargetFor_Home_Last5,(Home_AvgShotsTargetFor_Home_Last5: 7.48569073039107e-05)
Home_AvgShotsTargetFor_Total_Last10,(Home_AvgShotsTargetFor_Total_Last10: 4.459408228285611e-05)
Home_AvgShotsTargetFor_Total_Last15,(Home_AvgShotsTargetFor_Total_Last15: 3.946428478229791e-05)
Home_AvgShotsTargetFor_Total_Last3,(Home_AvgShotsTargetFor_Total_Last3: 7.133018698368687e-06)
Home_AvgShotsTargetFor_Total_Last5,(Home_AvgShotsTargetFor_Total_Last5: 5.43296046089381e-05)
Home_AvgTotalPassesAgainst_Away_Last10,(Home_AvgTotalPassesAgainst_Away_Last10: -3.9923197618918493e-05)
Home_AvgTotalPassesAgainst_Away_Last15,(Home_AvgTotalPassesAgainst_Away_Last15: -3.896668567904271e-05)
Home_AvgTotalPassesAgainst_Away_Last3,(Home_AvgTotalPassesAgainst_Away_Last3: 6.498996299342252e-06)
Home_AvgTotalPassesAgainst_Away_Last5,(Home_AvgTotalPassesAgainst_Away_Last5: 2.9290147722349502e-05)
Home_AvgTotalPassesAgainst_Home_Last10,(Home_AvgTotalPassesAgainst_Home_Last10: 3.387599281268194e-05)
Home_AvgTotalPassesAgainst_Home_Last15,(Home_AvgTotalPassesAgainst_Home_Last15: 1.694804996077437e-05)
Home_AvgTotalPassesAgainst_Home_Last3,(Home_AvgTotalPassesAgainst_Home_Last3: 8.302761125378311e-05)
Home_AvgTotalPassesAgainst_Home_Last5,(Home_AvgTotalPassesAgainst_Home_Last5: 4.8490852350369096e-05)
Home_AvgTotalPassesAgainst_Total_Last10,(Home_AvgTotalPassesAgainst_Total_Last10: 5.073085776530206e-05)
Home_AvgTotalPassesAgainst_Total_Last15,(Home_AvgTotalPassesAgainst_Total_Last15: 3.072504114243202e-05)
Home_AvgTotalPassesAgainst_Total_Last3,(Home_AvgTotalPassesAgainst_Total_Last3: -1.689899727352895e-05)
Home_AvgTotalPassesAgainst_Total_Last5,(Home_AvgTotalPassesAgainst_Total_Last5: 4.1548239096300676e-05)
Home_AvgTotalPassesFor_Away_Last10,(Home_AvgTotalPassesFor_Away_Last10: -5.555322059080936e-05)
Home_AvgTotalPassesFor_Away_Last15,(Home_AvgTotalPassesFor_Away_Last15: -5.284446888254024e-05)
Home_AvgTotalPassesFor_Away_Last3,(Home_AvgTotalPassesFor_Away_Last3: -2.4416942324023694e-05)
Home_AvgTotalPassesFor_Away_Last5,(Home_AvgTotalPassesFor_Away_Last5: -3.994446524302475e-05)
Home_AvgTotalPassesFor_Home_Last10,(Home_AvgTotalPassesFor_Home_Last10: -5.937366950092837e-05)
Home_AvgTotalPassesFor_Home_Last15,(Home_AvgTotalPassesFor_Home_Last15: -7.132516475394368e-05)
Home_AvgTotalPassesFor_Home_Last3,(Home_AvgTotalPassesFor_Home_Last3: -8.49114371703763e-07)
Home_AvgTotalPassesFor_Home_Last5,(Home_AvgTotalPassesFor_Home_Last5: -1.575194255565293e-05)
Home_AvgTotalPassesFor_Total_Last10,(Home_AvgTotalPassesFor_Total_Last10: -4.054363671457395e-05)
Home_AvgTotalPassesFor_Total_Last15,(Home_AvgTotalPassesFor_Total_Last15: -5.485460496856831e-05)
Home_AvgTotalPassesFor_Total_Last3,(Home_AvgTotalPassesFor_Total_Last3: 3.687070056912489e-05)
Home_AvgTotalPassesFor_Total_Last5,(Home_AvgTotalPassesFor_Total_Last5: -2.146467704733368e-05)
Home_AvgYellowCardsAgainst_Away_Last10,(Home_AvgYellowCardsAgainst_Away_Last10: 0.3333333333333333)
Home_AvgYellowCardsAgainst_Away_Last15,(Home_AvgYellowCardsAgainst_Away_Last15: 0.3333333333333333)
Home_AvgYellowCardsAgainst_Away_Last3,(Home_AvgYellowCardsAgainst_Away_Last3: 0.25)
Home_AvgYellowCardsAgainst_Away_Last5,(Home_AvgYellowCardsAgainst_Away_Last5: 0.2857142857142857)
Home_AvgYellowCardsAgainst_Home_Last10,(Home_AvgYellowCardsAgainst_Home_Last10: 0.25)
Home_AvgYellowCardsAgainst_Home_Last15,(Home_AvgYellowCardsAgainst_Home_Last15: 0.25)
Home_AvgYellowCardsAgainst_Home_Last3,(Home_AvgYellowCardsAgainst_Home_Last3: 0.2222222222222222)
Home_AvgYellowCardsAgainst_Home_Last5,(Home_AvgYellowCardsAgainst_Home_Last5: 0.25)
Home_AvgYellowCardsAgainst_Total_Last10,(Home_AvgYellowCardsAgainst_Total_Last10: -0.1683514884188797)
Home_AvgYellowCardsAgainst_Total_Last15,(Home_AvgYellowCardsAgainst_Total_Last15: -0.18537128147177812)
Home_AvgYellowCardsAgainst_Total_Last3,(Home_AvgYellowCardsAgainst_Total_Last3: -0.12075534292935128)
Home_AvgYellowCardsAgainst_Total_Last5,(Home_AvgYellowCardsAgainst_Total_Last5: -0.1403956582001438)
Home_AvgYellowCardsFor_Away_Last10,(Home_AvgYellowCardsFor_Away_Last10: 0.2857142857142857)
Home_AvgYellowCardsFor_Away_Last15,(Home_AvgYellowCardsFor_Away_Last15: 0.2857142857142857)
Home_AvgYellowCardsFor_Away_Last3,(Home_AvgYellowCardsFor_Away_Last3: 0.2222222222222222)
Home_AvgYellowCardsFor_Away_Last5,(Home_AvgYellowCardsFor_Away_Last5: 0.2857142857142857)
Home_AvgYellowCardsFor_Home_Last10,(Home_AvgYellowCardsFor_Home_Last10: 0.25)
Home_AvgYellowCardsFor_Home_Last15,(Home_AvgYellowCardsFor_Home_Last15: 0.25)
Home_AvgYellowCardsFor_Home_Last3,(Home_AvgYellowCardsFor_Home_Last3: 0.2)
Home_AvgYellowCardsFor_Home_Last5,(Home_AvgYellowCardsFor_Home_Last5: 0.2)
Home_AvgYellowCardsFor_Total_Last10,(Home_AvgYellowCardsFor_Total_Last10: -0.1674442027527314)
Home_AvgYellowCardsFor_Total_Last15,(Home_AvgYellowCardsFor_Total_Last15: -0.18751275358045177)
Home_AvgYellowCardsFor_Total_Last3,(Home_AvgYellowCardsFor_Total_Last3: -0.11452043680841195)
Home_AvgYellowCardsFor_Total_Last5,(Home_AvgYellowCardsFor_Total_Last5: -0.1382755169728331)
Home_BTTS_Ratio_Away_Last10,(Home_BTTS_Ratio_Away_Last10: 0.5184656977653503)
Home_BTTS_Ratio_Away_Last15,(Home_BTTS_Ratio_Away_Last15: 0.5186845064163208)
Home_BTTS_Ratio_Away_Last3,(Home_BTTS_Ratio_Away_Last3: 0.5185745358467102)
Home_BTTS_Ratio_Away_Last5,(Home_BTTS_Ratio_Away_Last5: 0.5189226865768433)
Home_BTTS_Ratio_Home_Last10,(Home_BTTS_Ratio_Home_Last10: 0.5180836915969849)
Home_BTTS_Ratio_Home_Last15,(Home_BTTS_Ratio_Home_Last15: 0.5176939964294434)
Home_BTTS_Ratio_Home_Last3,(Home_BTTS_Ratio_Home_Last3: 0.5185443162918091)
Home_BTTS_Ratio_Home_Last5,(Home_BTTS_Ratio_Home_Last5: 0.5185254216194153)
Home_BTTS_Ratio_Total_Last10,(Home_BTTS_Ratio_Total_Last10: -3.7392961530713364e-05)
Home_BTTS_Ratio_Total_Last15,(Home_BTTS_Ratio_Total_Last15: -2.692442103580106e-05)
Home_BTTS_Ratio_Total_Last3,(Home_BTTS_Ratio_Total_Last3: -3.478228563835728e-06)
Home_BTTS_Ratio_Total_Last5,(Home_BTTS_Ratio_Total_Last5: -4.440742941369535e-06)
Home_CleanSheet_Ratio_Away_Last10,(Home_CleanSheet_Ratio_Away_Last10: 0.24214480817317963)
Home_CleanSheet_Ratio_Away_Last15,(Home_CleanSheet_Ratio_Away_Last15: 0.24228142201900482)
Home_CleanSheet_Ratio_Away_Last3,(Home_CleanSheet_Ratio_Away_Last3: 0.24063977599143982)
Home_CleanSheet_Ratio_Away_Last5,(Home_CleanSheet_Ratio_Away_Last5: 0.241057351231575)
Home_CleanSheet_Ratio_Home_Last10,(Home_CleanSheet_Ratio_Home_Last10: 0.32459479570388794)
Home_CleanSheet_Ratio_Home_Last15,(Home_CleanSheet_Ratio_Home_Last15: 0.32534417510032654)
Home_CleanSheet_Ratio_Home_Last3,(Home_CleanSheet_Ratio_Home_Last3: 0.32335910201072693)
Home_CleanSheet_Ratio_Home_Last5,(Home_CleanSheet_Ratio_Home_Last5: 0.3234986364841461)
Home_CleanSheet_Ratio_Total_Last10,(Home_CleanSheet_Ratio_Total_Last10: 5.0375474529573694e-05)
Home_CleanSheet_Ratio_Total_Last15,(Home_CleanSheet_Ratio_Total_Last15: 6.156117160571739e-05)
Home_CleanSheet_Ratio_Total_Last3,(Home_CleanSheet_Ratio_Total_Last3: -2.5365827241330408e-05)
Home_CleanSheet_Ratio_Total_Last5,(Home_CleanSheet_Ratio_Total_Last5: 3.8925838452996686e-05)
Home_D_Count_Away_Last10,(Home_D_Count_Away_Last10: 0.25)
Home_D_Count_Away_Last15,(Home_D_Count_Away_Last15: 0.27272728085517883)
Home_D_Count_Away_Last3,(Home_D_Count_Away_Last3: 0.25)
Home_D_Count_Away_Last5,(Home_D_Count_Away_Last5: 0.20000000298023224)
Home_D_Count_Home_Last10,(Home_D_Count_Home_Last10: 0.2222222238779068)
Home_D_Count_Home_Last15,(Home_D_Count_Home_Last15: 0.23076923191547394)
Home_D_Count_Home_Last3,(Home_D_Count_Home_Last3: 0.25)
Home_D_Count_Home_Last5,(Home_D_Count_Home_Last5: 0.20000000298023224)
Home_D_Count_Total_Last10,(Home_D_Count_Total_Last10: -0.27522486448287964)
Home_D_Count_Total_Last15,(Home_D_Count_Total_Last15: 0.242903470993042)
Home_D_Count_Total_Last3,(Home_D_Count_Total_Last3: 0.34920617938041687)
Home_D_Count_Total_Last5,(Home_D_Count_Total_Last5: -0.21894612908363342)
Home_FormPoints_Away_Last10,(Home_FormPoints_Away_Last10: 0.34153246879577637)
Home_FormPoints_Away_Last15,(Home_FormPoints_Away_Last15: 0.3807629644870758)
Home_FormPoints_Away_Last3,(Home_FormPoints_Away_Last3: 0.23759128153324127)
Home_FormPoints_Away_Last5,(Home_FormPoints_Away_Last5: 0.2810153663158417)
Home_FormPoints_Home_Last10,(Home_FormPoints_Home_Last10: 0.4693308472633362)
Home_FormPoints_Home_Last15,(Home_FormPoints_Home_Last15: 0.4961884319782257)
Home_FormPoints_Home_Last3,(Home_FormPoints_Home_Last3: 0.39830732345581055)
Home_FormPoints_Home_Last5,(Home_FormPoints_Home_Last5: 0.4385676383972168)
Home_FormPoints_Total_Last10,(Home_FormPoints_Total_Last10: 1.6195397620322183e-05)
Home_FormPoints_Total_Last15,(Home_FormPoints_Total_Last15: 1.6930714991758578e-05)
Home_FormPoints_Total_Last3,(Home_FormPoints_Total_Last3: -5.191237505641766e-05)
Home_FormPoints_Total_Last5,(Home_FormPoints_Total_Last5: 5.117698947287863e-06)
Home_L_Count_Away_Last10,(Home_L_Count_Away_Last10: 0.3636363744735718)
Home_L_Count_Away_Last15,(Home_L_Count_Away_Last15: 0.4000000059604645)
Home_L_Count_Away_Last3,(Home_L_Count_Away_Last3: 0.25)
Home_L_Count_Away_Last5,(Home_L_Count_Away_Last5: 0.3333333432674408)
Home_L_Count_Home_Last10,(Home_L_Count_Home_Last10: 0.30000001192092896)
Home_L_Count_Home_Last15,(Home_L_Count_Home_Last15: 0.2666666805744171)
Home_L_Count_Home_Last3,(Home_L_Count_Home_Last3: 0.25)
Home_L_Count_Home_Last5,(Home_L_Count_Home_Last5: 0.20000000298023224)
Home_L_Count_Total_Last10,(Home_L_Count_Total_Last10: 0.24868841469287872)
Home_L_Count_Total_Last15,(Home_L_Count_Total_Last15: -0.07088491320610046)
Home_L_Count_Total_Last3,(Home_L_Count_Total_Last3: -0.09900517016649246)
Home_L_Count_Total_Last5,(Home_L_Count_Total_Last5: 0.16594447195529938)
Home_W_Count_Away_Last10,(Home_W_Count_Away_Last10: 0.27272728085517883)
Home_W_Count_Away_Last15,(Home_W_Count_Away_Last15: 0.3333333432674408)
Home_W_Count_Away_Last3,(Home_W_Count_Away_Last3: 0.20000000298023224)
Home_W_Count_Away_Last5,(Home_W_Count_Away_Last5: 0.2857142984867096)
Home_W_Count_Home_Last10,(Home_W_Count_Home_Last10: 0.3636363744735718)
Home_W_Count_Home_Last15,(Home_W_Count_Home_Last15: 0.4000000059604645)
Home_W_Count_Home_Last3,(Home_W_Count_Home_Last3: 0.25)
Home_W_Count_Home_Last5,(Home_W_Count_Home_Last5: 0.3333333432674408)
Home_W_Count_Total_Last10,(Home_W_Count_Total_Last10: 0.10983113199472427)
Home_W_Count_Total_Last15,(Home_W_Count_Total_Last15: 0.1391599327325821)
Home_W_Count_Total_Last3,(Home_W_Count_Total_Last3: -0.16989444196224213)
Home_W_Count_Total_Last5,(Home_W_Count_Total_Last5: 0.07134319841861725)
IWA,(IWA: 3.994933605194092)
IWCA,(IWCA: 3.9304940700531006)
IWCD,(IWCD: 3.704801559448242)
IWCH,(IWCH: 2.6420483589172363)
IWD,(IWD: 3.6380228996276855)
IWH,(IWH: 2.5087859630584717)
LBA,(LBA: 0.0)
LBD,(LBD: 0.0)
LBH,(LBH: 0.0)
LeagueAvg_AnyCleanSheet_Ratio_Last10,(LeagueAvg_AnyCleanSheet_Ratio_Last10: 0.48388293385505676)
LeagueAvg_AnyCleanSheet_Ratio_Last15,(LeagueAvg_AnyCleanSheet_Ratio_Last15: 0.48437920212745667)
LeagueAvg_AnyCleanSheet_Ratio_Last3,(LeagueAvg_AnyCleanSheet_Ratio_Last3: 0.48317950963974)
LeagueAvg_AnyCleanSheet_Ratio_Last5,(LeagueAvg_AnyCleanSheet_Ratio_Last5: 0.4833115041255951)
LeagueAvg_AwayCleanSheet_Ratio_Last10,(LeagueAvg_AwayCleanSheet_Ratio_Last10: 0.23936495184898376)
LeagueAvg_AwayCleanSheet_Ratio_Last15,(LeagueAvg_AwayCleanSheet_Ratio_Last15: 0.2401236593723297)
LeagueAvg_AwayCleanSheet_Ratio_Last3,(LeagueAvg_AwayCleanSheet_Ratio_Last3: 0.23798030614852905)
LeagueAvg_AwayCleanSheet_Ratio_Last5,(LeagueAvg_AwayCleanSheet_Ratio_Last5: 0.23838193714618683)
LeagueAvg_AwayGoalsScored_Last10,(LeagueAvg_AwayGoalsScored_Last10: 1.2474336624145508)
LeagueAvg_AwayGoalsScored_Last15,(LeagueAvg_AwayGoalsScored_Last15: 1.2492518424987793)
LeagueAvg_AwayGoalsScored_Last3,(LeagueAvg_AwayGoalsScored_Last3: 1.2432518005371094)
LeagueAvg_AwayGoalsScored_Last5,(LeagueAvg_AwayGoalsScored_Last5: 1.2450278997421265)
LeagueAvg_BTTS_Ratio_Last10,(LeagueAvg_BTTS_Ratio_Last10: 0.5161170959472656)
LeagueAvg_BTTS_Ratio_Last15,(LeagueAvg_BTTS_Ratio_Last15: 0.515620768070221)
LeagueAvg_BTTS_Ratio_Last3,(LeagueAvg_BTTS_Ratio_Last3: 0.51682049036026)
LeagueAvg_BTTS_Ratio_Last5,(LeagueAvg_BTTS_Ratio_Last5: 0.5166885256767273)
LeagueAvg_HomeCleanSheet_Ratio_Last10,(LeagueAvg_HomeCleanSheet_Ratio_Last10: 0.315449595451355)
LeagueAvg_HomeCleanSheet_Ratio_Last15,(LeagueAvg_HomeCleanSheet_Ratio_Last15: 0.3153292238712311)
LeagueAvg_HomeCleanSheet_Ratio_Last3,(LeagueAvg_HomeCleanSheet_Ratio_Last3: 0.3159021735191345)
LeagueAvg_HomeCleanSheet_Ratio_Last5,(LeagueAvg_HomeCleanSheet_Ratio_Last5: 0.315676212310791)
LeagueAvg_HomeGoalsScored_Last10,(LeagueAvg_HomeGoalsScored_Last10: 1.519436001777649)
LeagueAvg_HomeGoalsScored_Last15,(LeagueAvg_HomeGoalsScored_Last15: 1.5170522928237915)
LeagueAvg_HomeGoalsScored_Last3,(LeagueAvg_HomeGoalsScored_Last3: 1.5241962671279907)
LeagueAvg_HomeGoalsScored_Last5,(LeagueAvg_HomeGoalsScored_Last5: 1.5228139162063599)
LeagueAvg_TotalGoals_Last10,(LeagueAvg_TotalGoals_Last10: -5.467610390041955e-05)
LeagueAvg_TotalGoals_Last15,(LeagueAvg_TotalGoals_Last15: -7.767192437313497e-05)
LeagueAvg_TotalGoals_Last3,(LeagueAvg_TotalGoals_Last3: -7.842451304895803e-05)
LeagueAvg_TotalGoals_Last5,(LeagueAvg_TotalGoals_Last5: -5.496507219504565e-05)
LeagueID,(LeagueID: 144)
LeagueName,(LeagueName: Jupiler Pro League)
MatchID,(MatchID: 20100730_StandardLiege_ZulteWaregem)
Max<2.5,(Max<2.5: -1.0)
Max>2.5,(Max>2.5: -1.0)
MaxA,(MaxA: -1.0)
MaxAHA,(MaxAHA: -1.0)
MaxAHH,(MaxAHH: -1.0)
MaxC<2.5,(MaxC<2.5: -1.0)
MaxC>2.5,(MaxC>2.5: -1.0)
MaxCA,(MaxCA: -1.0)
MaxCAHA,(MaxCAHA: -1.0)
MaxCAHH,(MaxCAHH: -1.0)
MaxCD,(MaxCD: -1.0)
MaxCH,(MaxCH: -1.0)
MaxD,(MaxD: -1.0)
MaxH,(MaxH: -1.0)
OddsA,(OddsA: 3.0303030014038086)
OddsAHA,(OddsAHA: 0.0)
OddsAHH,(OddsAHH: 0.0)
OddsAHh,(OddsAHh: 0.0)
OddsD,(OddsD: 3.0303030014038086)
OddsH,(OddsH: 3.0303030014038086)
OddsOver2.5,(OddsOver2.5: 0.0)
OddsUnder2.5,(OddsUnder2.5: 0.0)
P<2.5,(P<2.5: 0.0)
P>2.5,(P>2.5: 0.0)
PAHA,(PAHA: 0.0)
PAHH,(PAHH: 0.0)
PC<2.5,(PC<2.5: 0.0)
PC>2.5,(PC>2.5: 0.0)
PCAHA,(PCAHA: 0.0)
PCAHH,(PCAHH: 0.0)
PSA,(PSA: -1.0)
PSCA,(PSCA: -1.0)
PSCD,(PSCD: -1.0)
PSCH,(PSCH: -1.0)
PSD,(PSD: -1.0)
PSH,(PSH: -1.0)
Referee,(Referee: <NA>)
Round,(Round: Regular Season - 24)
SBA,(SBA: 0.0)
SBD,(SBD: 0.0)
SBH,(SBH: 0.0)
SJA,(SJA: 0.0)
SJD,(SJD: 0.0)
SJH,(SJH: 0.0)
Season,(Season: 2010)
StatusElapsed,(StatusElapsed: 90)
StatusLong,(StatusLong: Match Finished)
StatusShort,(StatusShort: FT)
Timestamp,(Timestamp: 1970-01-01 00:00:01.280514560)
VCA,(VCA: -1.0)
VCCA,(VCCA: -1.0)
VCCD,(VCCD: -1.0)
VCCH,(VCCH: -1.0)
VCD,(VCD: -1.0)
VCH,(VCH: -1.0)
VenueCity,(VenueCity: <NA>)
VenueName,(VenueName: Stade Maurice Dufrasne (Liège (Luik)))
WHA,(WHA: -1.0)
WHCA,(WHCA: -1.0)
WHCD,(WHCD: -1.0)
WHCH,(WHCH: -1.0)
WHD,(WHD: -1.0)
WHH,(WHH: -1.0)
fixture_id,(fixture_id: 0)
